"시도교육청","교육지원청","지역","정보공시 학교코드","학교명","학교급코드","설립구분","제외여부","제외사유","도서관수","도서관(실)총좌석수","사서자격증보유","사서자격증미보유","자료구입비예산액","운영비예산액"
"전북특별자치도교육청","전북특별자치도군산교육지원청","전북특별자치도 군산시","S000003522","전주교육대학교군산부설초등학교","02","국립","N","","1","32","0","0","2210000","400000"
"전북특별자치도교육청","전북특별자치도전주교육지원청","전북특별자치도 전주시 완산구","S000003525","전주교육대학교전주부설초등학교","02","국립","N","","1","30","0","0","7500000","1400000"
"전북특별자치도교육청","전북특별자치도고창교육지원청","전북특별자치도 고창군","S130000480","가평초등학교","02","공립","N","","0","0","0","0","4800000","1200000"
"전북특별자치도교육청","전북특별자치도고창교육지원청","전북특별자치도 고창군","S130000481","고수초등학교","02","공립","N","","1","32","0","0","5510000","4760000"
"전북특별자치도교육청","전북특별자치도고창교육지원청","전북특별자치도 고창군","S130000482","고창남초등학교","02","공립","N","","1","30","0","0","8775000","500000"
"전북특별자치도교육청","전북특별자치도고창교육지원청","전북특별자치도 고창군","S130000484","고창초등학교","02","공립","N","","1","55","0","0","15964000","6000000"
"전북특별자치도교육청","전북특별자치도고창교육지원청","전북특별자치도 고창군","S130000485","공음초등학교","02","공립","N","","1","100","0","1","5000000","2420000"
"전북특별자치도교육청","전북특별자치도고창교육지원청","전북특별자치도 고창군","S130000486","대산초등학교","02","공립","N","","1","40","0","0","4000000","200000"
"전북특별자치도교육청","전북특별자치도고창교육지원청","전북특별자치도 고창군","S130000487","대아초등학교","02","공립","N","","1","24","0","0","5283000","2640000"
"전북특별자치도교육청","전북특별자치도고창교육지원청","전북특별자치도 고창군","S130000489","동호초등학교","02","공립","N","","1","14","0","0","4640000","200000"
"전북특별자치도교육청","전북특별자치도고창교육지원청","전북특별자치도 고창군","S130000490","매산초등학교","02","공립","N","","1","48","0","0","4793000","1000000"
"전북특별자치도교육청","전북특별자치도고창교육지원청","전북특별자치도 고창군","S130000491","무장초등학교","02","공립","N","","1","20","0","0","5690000","893000"
"전북특별자치도교육청","전북특별자치도고창교육지원청","전북특별자치도 고창군","S130000492","봉암초등학교","02","공립","N","","1","18","0","1","2000000","1000000"
"전북특별자치도교육청","전북특별자치도고창교육지원청","전북특별자치도 고창군","S130000493","고창부안초등학교","02","공립","N","","1","40","0","0","4942000","300000"
"전북특별자치도교육청","전북특별자치도고창교육지원청","전북특별자치도 고창군","S130000495","상하초등학교","02","공립","N","","1","36","0","0","5500000","1200000"
"전북특별자치도교육청","전북특별자치도고창교육지원청","전북특별자치도 고창군","S130000498","선동초등학교","02","공립","N","","1","21","0","1","4000000","300000"
"전북특별자치도교육청","전북특별자치도고창교육지원청","전북특별자치도 고창군","S130000500","성내초등학교","02","공립","N","","1","50","0","0","5154000","2162000"
"전북특별자치도교육청","전북특별자치도고창교육지원청","전북특별자치도 고창군","S130000501","성송초등학교","02","공립","N","","1","24","0","0","5000000","400000"
"전북특별자치도교육청","전북특별자치도고창교육지원청","전북특별자치도 고창군","S130000502","신림초등학교","02","공립","N","","1","36","0","0","5000000","1950000"
"전북특별자치도교육청","전북특별자치도고창교육지원청","전북특별자치도 고창군","S130000504","심원초등학교","02","공립","N","","1","50","0","0","4900000","1200000"
"전북특별자치도교육청","전북특별자치도고창교육지원청","전북특별자치도 고창군","S130000505","아산초등학교","02","공립","N","","1","22","0","0","5000000","400000"
"전북특별자치도교육청","전북특별자치도고창교육지원청","전북특별자치도 고창군","S130000510","해리초등학교","02","공립","N","","1","32","0","0","5400000","500000"
"전북특별자치도교육청","전북특별자치도고창교육지원청","전북특별자치도 고창군","S130000512","흥덕초등학교","02","공립","N","","1","26","0","0","5080000","700000"
"전북특별자치도교육청","전북특별자치도군산교육지원청","전북특별자치도 군산시","S130000570","개야도초등학교","02","공립","N","","1","12","0","0","3501000","200000"
"전북특별자치도교육청","전북특별자치도군산교육지원청","전북특별자치도 군산시","S130000571","개정초등학교","02","공립","N","","1","34","0","0","5250000","1000000"
"전북특별자치도교육청","전북특별자치도군산교육지원청","전북특별자치도 군산시","S130000574","군산경포초등학교","02","공립","N","","1","15","0","0","11238000","1200000"
"전북특별자치도교육청","전북특별자치도군산교육지원청","전북특별자치도 군산시","S130000575","군산구암초등학교","02","공립","N","","1","50","0","1","8927000","2600000"
"전북특별자치도교육청","전북특별자치도군산교육지원청","전북특별자치도 군산시","S130000576","군산금광초등학교","02","공립","N","","1","34","0","0","3000000","700000"
"전북특별자치도교육청","전북특별자치도군산교육지원청","전북특별자치도 군산시","S130000577","군산나운초등학교","02","공립","N","","1","40","0","0","7600000","1535000"
"전북특별자치도교육청","전북특별자치도군산교육지원청","전북특별자치도 군산시","S130000578","군산남초등학교","02","공립","N","","1","30","0","0","5040000","100000"
"전북특별자치도교육청","전북특별자치도군산교육지원청","전북특별자치도 군산시","S130000579","군산내흥초등학교","02","공립","N","","1","15","0","0","4840000","1000000"
"전북특별자치도교육청","전북특별자치도군산교육지원청","전북특별자치도 군산시","S130000580","군산동초등학교","02","공립","N","","1","30","0","0","11960000","3025000"
"전북특별자치도교육청","전북특별자치도군산교육지원청","전북특별자치도 군산시","S130000581","군산문화초등학교","02","공립","N","","1","24","0","1","6670000","2340000"
"전북특별자치도교육청","전북특별자치도군산교육지원청","전북특별자치도 군산시","S130000582","군산산북초등학교","02","공립","N","","1","25","0","0","9425000","5394000"
"전북특별자치도교육청","전북특별자치도군산교육지원청","전북특별자치도 군산시","S130000583","군산서초등학교","02","공립","N","","1","12","0","0","3710000","2000000"
"전북특별자치도교육청","전북특별자치도군산교육지원청","전북특별자치도 군산시","S130000584","군산서해초등학교","02","공립","N","","1","30","0","0","12534000","12920000"
"전북특별자치도교육청","전북특별자치도군산교육지원청","전북특별자치도 군산시","S130000585","소룡초등학교","02","공립","N","","1","30","0","0","16074000","1830000"
"전북특별자치도교육청","전북특별자치도군산교육지원청","전북특별자치도 군산시","S130000586","군산수송초등학교","02","공립","N","","1","40","0","0","15695000","3484000"
"전북특별자치도교육청","전북특별자치도군산교육지원청","전북특별자치도 군산시","S130000587","군산신흥초등학교","02","공립","N","","1","38","0","0","9600000","6800000"
"전북특별자치도교육청","전북특별자치도군산교육지원청","전북특별자치도 군산시","S130000588","군산용문초등학교","02","공립","N","","1","48","0","0","16450000","600000"
"전북특별자치도교육청","전북특별자치도군산교육지원청","전북특별자치도 군산시","S130000589","군산월명초등학교","02","공립","N","","1","30","0","0","13846000","3272000"
"전북특별자치도교육청","전북특별자치도군산교육지원청","전북특별자치도 군산시","S130000590","군산중앙초등학교","02","공립","N","","1","36","0","0","7000000","800000"
"전북특별자치도교육청","전북특별자치도군산교육지원청","전북특별자치도 군산시","S130000591","군산지곡초등학교","02","공립","N","","1","30","0","0","10500000","600000"
"전북특별자치도교육청","전북특별자치도군산교육지원청","전북특별자치도 군산시","S130000592","군산초등학교","02","공립","N","","1","40","0","0","14760000","9856000"
"전북특별자치도교육청","전북특별자치도군산교육지원청","전북특별자치도 군산시","S130000593","군산풍문초등학교","02","공립","N","","1","24","0","0","7807000","3690000"
"전북특별자치도교육청","전북특별자치도군산교육지원청","전북특별자치도 군산시","S130000594","해성초등학교","02","공립","N","","1","25","0","1","5148000","4940000"
"전북특별자치도교육청","전북특별자치도군산교육지원청","전북특별자치도 군산시","S130000595","군산흥남초등학교","02","공립","N","","1","40","0","0","7200000","1400000"
"전북특별자치도교육청","전북특별자치도군산교육지원청","전북특별자치도 군산시","S130000596","금암초등학교","02","공립","N","","1","42","0","1","4216000","500000"
"전북특별자치도교육청","전북특별자치도군산교육지원청","전북특별자치도 군산시","S130000598","나포초등학교","02","공립","N","","1","24","0","0","4960000","1800000"
"전북특별자치도교육청","전북특별자치도군산교육지원청","전북특별자치도 군산시","S130000599","당북초등학교","02","공립","N","","1","12","0","0","10228000","1500000"
"전북특별자치도교육청","전북특별자치도군산교육지원청","전북특별자치도 군산시","S130000600","대야남초등학교","02","공립","N","","1","17","0","0","4768000","1000000"
"전북특별자치도교육청","전북특별자치도군산교육지원청","전북특별자치도 군산시","S130000601","대야초등학교","02","공립","N","","1","40","0","0","5034000","0"
"전북특별자치도교육청","전북특별자치도군산교육지원청","전북특별자치도 군산시","S130000603","마룡초등학교","02","공립","N","","1","20","0","0","4300000","73000"
"전북특별자치도교육청","전북특별자치도군산교육지원청","전북특별자치도 군산시","S130000604","무녀도초등학교","02","공립","N","","0","0","0","0","1850000","0"
"전북특별자치도교육청","전북특별자치도군산교육지원청","전북특별자치도 군산시","S130000605","문창초등학교","02","공립","N","","1","33","0","0","5370000","1500000"
"전북특별자치도교육청","전북특별자치도군산교육지원청","전북특별자치도 군산시","S130000606","미룡초등학교","02","공립","N","","1","30","0","0","6000000","2232000"
"전북특별자치도교육청","전북특별자치도군산교육지원청","전북특별자치도 군산시","S130000607","발산초등학교","02","공립","N","","1","12","0","0","4281000","1835000"
"전북특별자치도교육청","전북특별자치도군산교육지원청","전북특별자치도 군산시","S130000610","서수초등학교","02","공립","N","","1","40","0","0","4800000","1210000"
"전북특별자치도교육청","전북특별자치도군산교육지원청","전북특별자치도 군산시","S130000613","성산초등학교","02","공립","N","","1","29","0","1","5756000","1600000"
"전북특별자치도교육청","전북특별자치도군산교육지원청","전북특별자치도 군산시","S130000615","술산초등학교","02","공립","N","","1","30","0","0","4000000","600000"
"전북특별자치도교육청","전북특별자치도군산교육지원청","전북특별자치도 군산시","S130000616","신시도초등학교","02","공립","N","","1","6","0","0","4000000","1000000"
"전북특별자치도교육청","전북특별자치도군산교육지원청","전북특별자치도 군산시","S130000618","군산신풍초등학교","02","공립","N","","1","31","0","0","6934000","300000"
"전북특별자치도교육청","전북특별자치도군산교육지원청","전북특별자치도 군산시","S130000621","오봉초등학교","02","공립","N","","1","24","0","0","5105000","1000000"
"전북특별자치도교육청","전북특별자치도군산교육지원청","전북특별자치도 군산시","S130000622","옥구초등학교","02","공립","N","","1","16","0","0","5560000","2540000"
"전북특별자치도교육청","전북특별자치도군산교육지원청","전북특별자치도 군산시","S130000623","옥봉초등학교","02","공립","N","","1","30","0","0","5100000","700000"
"전북특별자치도교육청","전북특별자치도군산교육지원청","전북특별자치도 군산시","S130000624","옥산초등학교","02","공립","N","","1","24","0","0","6315000","2240000"
"전북특별자치도교육청","전북특별자치도군산교육지원청","전북특별자치도 군산시","S130000626","임피초등학교","02","공립","N","","1","13","0","0","6430000","1000000"
"전북특별자치도교육청","전북특별자치도군산교육지원청","전북특별자치도 군산시","S130000627","창오초등학교","02","공립","N","","1","24","0","0","4284000","2000000"
"전북특별자치도교육청","전북특별자치도군산교육지원청","전북특별자치도 군산시","S130000629","회현초등학교","02","공립","N","","1","32","0","0","6650000","2600000"
"전북특별자치도교육청","전북특별자치도김제교육지원청","전북특별자치도 김제시","S130000700","공덕초등학교","02","공립","N","","1","5","0","0","5722000","300000"
"전북특별자치도교육청","전북특별자치도김제교육지원청","전북특별자치도 김제시","S130000701","광활초등학교","02","공립","N","","1","30","0","0","5210000","2204000"
"전북특별자치도교육청","전북특별자치도김제교육지원청","전북특별자치도 김제시","S130000702","금구초등학교","02","공립","N","","1","30","0","0","5236000","2700000"
"전북특별자치도교육청","전북특별자치도김제교육지원청","전북특별자치도 김제시","S130000704","금산초등학교","02","공립","N","","1","20","0","0","3995000","1000000"
"전북특별자치도교육청","전북특별자치도김제교육지원청","전북특별자치도 김제시","S130000705","김제검산초등학교","02","공립","N","","1","40","0","0","13332000","3900000"
"전북특별자치도교육청","전북특별자치도김제교육지원청","전북특별자치도 김제시","S130000706","김제동초등학교","02","공립","N","","1","34","0","0","10400000","27358000"
"전북특별자치도교육청","전북특별자치도김제교육지원청","전북특별자치도 김제시","S130000707","김제북초등학교","02","공립","N","","1","16","0","0","6469000","2361000"
"전북특별자치도교육청","전북특별자치도김제교육지원청","전북특별자치도 김제시","S130000708","김제중앙초등학교","02","공립","N","","1","95","0","0","8520000","3500000"
"전북특별자치도교육청","전북특별자치도김제교육지원청","전북특별자치도 김제시","S130000710","김제초등학교","02","공립","N","","1","30","0","0","9322000","1250000"
"전북특별자치도교육청","전북특별자치도김제교육지원청","전북특별자치도 김제시","S130000711","난산초등학교","02","공립","N","","1","22","0","1","5700000","4160000"
"전북특별자치도교육청","전북특별자치도김제교육지원청","전북특별자치도 김제시","S130000712","남양초등학교","02","공립","N","","1","14","0","0","5000000","2130000"
"전북특별자치도교육청","전북특별자치도김제교육지원청","전북특별자치도 김제시","S130000713","만경초등학교","02","공립","N","","1","14","0","1","5280000","500000"
"전북특별자치도교육청","전북특별자치도김제교육지원청","전북특별자치도 김제시","S130000715","백구초등학교","02","공립","N","","1","32","0","0","5160000","2100000"
"전북특별자치도교육청","전북특별자치도김제교육지원청","전북특별자치도 김제시","S130000716","백석초등학교","02","공립","N","","1","20","0","1","6557000","5200000"
"전북특별자치도교육청","전북특별자치도김제교육지원청","전북특별자치도 김제시","S130000717","벽량초등학교","02","공립","N","","1","15","0","0","4480000","500000"
"전북특별자치도교육청","전북특별자치도김제교육지원청","전북특별자치도 김제시","S130000719","봉남초등학교","02","공립","N","","1","18","0","0","5400000","600000"
"전북특별자치도교육청","전북특별자치도김제교육지원청","전북특별자치도 김제시","S130000720","부용초등학교","02","공립","N","","1","20","0","1","4490000","700000"
"전북특별자치도교육청","전북특별자치도김제교육지원청","전북특별자치도 김제시","S130000721","비룡초등학교","02","공립","N","","1","11","0","0","5800000","2250000"
"전북특별자치도교육청","전북특별자치도김제교육지원청","전북특별자치도 김제시","S130000722","성덕초등학교","02","공립","N","","1","11","0","0","5100000","1000000"
"전북특별자치도교육청","전북특별자치도김제교육지원청","전북특별자치도 김제시","S130000726","심창초등학교","02","공립","N","","1","14","0","0","4700000","700000"
"전북특별자치도교육청","전북특별자치도김제교육지원청","전북특별자치도 김제시","S130000727","용동초등학교","02","공립","N","","1","16","0","0","5010000","2200000"
"전북특별자치도교육청","전북특별자치도김제교육지원청","전북특별자치도 김제시","S130000729","용지초등학교","02","공립","N","","1","24","0","0","5430000","1510000"
"전북특별자치도교육청","전북특별자치도김제교육지원청","전북특별자치도 김제시","S130000730","원평초등학교","02","공립","N","","1","50","0","0","7125000","1200000"
"전북특별자치도교육청","전북특별자치도김제교육지원청","전북특별자치도 김제시","S130000732","월성초등학교","02","공립","N","","1","15","0","0","5137000","200000"
"전북특별자치도교육청","전북특별자치도김제교육지원청","전북특별자치도 김제시","S130000733","월촌초등학교","02","공립","N","","1","12","0","0","4974000","2132000"
"전북특별자치도교육청","전북특별자치도김제교육지원청","전북특별자치도 김제시","S130000734","종정초등학교","02","공립","N","","1","28","0","1","4990000","1200000"
"전북특별자치도교육청","전북특별자치도김제교육지원청","전북특별자치도 김제시","S130000736","죽산초등학교","02","공립","N","","1","13","0","0","5000000","200000"
"전북특별자치도교육청","전북특별자치도김제교육지원청","전북특별자치도 김제시","S130000737","진봉초등학교","02","공립","N","","1","22","0","0","4590000","2000000"
"전북특별자치도교육청","전북특별자치도김제교육지원청","전북특별자치도 김제시","S130000738","청운초등학교","02","공립","N","","1","25","0","0","5661000","2000000"
"전북특별자치도교육청","전북특별자치도김제교육지원청","전북특별자치도 김제시","S130000740","청하초등학교","02","공립","N","","1","30","0","0","4800000","500000"
"전북특별자치도교육청","전북특별자치도김제교육지원청","전북특별자치도 김제시","S130000741","초처초등학교","02","공립","N","","1","60","0","0","4730000","2520000"
"전북특별자치도교육청","전북특별자치도김제교육지원청","전북특별자치도 김제시","S130000742","치문초등학교","02","공립","N","","1","15","0","0","4700000","2015000"
"전북특별자치도교육청","전북특별자치도김제교육지원청","전북특별자치도 김제시","S130000743","황강초등학교","02","공립","N","","1","11","0","0","4070000","800000"
"전북특별자치도교육청","전북특별자치도김제교육지원청","전북특별자치도 김제시","S130000744","황산초등학교","02","공립","N","","1","40","0","0","7444000","2653000"
"전북특별자치도교육청","전북특별자치도남원교육지원청","전북특별자치도 남원시","S130000805","남원교룡초등학교","02","공립","N","","1","50","0","1","8000000","2200000"
"전북특별자치도교육청","전북특별자치도남원교육지원청","전북특별자치도 남원시","S130000806","금지동초등학교","02","공립","N","","1","16","0","0","4300000","1856000"
"전북특별자치도교육청","전북특별자치도남원교육지원청","전북특별자치도 남원시","S130000807","금지초등학교","02","공립","N","","1","6","0","0","4926000","240000"
"전북특별자치도교육청","전북특별자치도남원교육지원청","전북특별자치도 남원시","S130000809","남원노암초등학교","02","공립","N","","1","30","0","1","7616000","3263000"
"전북특별자치도교육청","전북특별자치도남원교육지원청","전북특별자치도 남원시","S130000810","남원도통초등학교","02","공립","N","","1","60","0","0","17693000","2547000"
"전북특별자치도교육청","전북특별자치도남원교육지원청","전북특별자치도 남원시","S130000813","산내초등학교","02","공립","N","","1","35","0","0","6780000","700000"
"전북특별자치도교육청","전북특별자치도남원교육지원청","전북특별자치도 남원시","S130000814","남원서원초등학교","02","공립","N","","1","24","0","0","4600000","200000"
"전북특별자치도교육청","전북특별자치도남원교육지원청","전북특별자치도 남원시","S130000817","남원왕치초등학교","02","공립","N","","1","11","0","0","5080000","1955000"
"전북특별자치도교육청","전북특별자치도남원교육지원청","전북특별자치도 남원시","S130000818","남원월락초등학교","02","공립","N","","1","74","0","0","11460000","4800000"
"전북특별자치도교육청","전북특별자치도남원교육지원청","전북특별자치도 남원시","S130000819","남원중앙초등학교","02","공립","N","","1","42","0","0","6976000","3620000"
"전북특별자치도교육청","전북특별자치도남원교육지원청","전북특별자치도 남원시","S130000820","남원초등학교","02","공립","N","","1","40","0","0","9907000","7700000"
"전북특별자치도교육청","전북특별자치도남원교육지원청","전북특별자치도 남원시","S130000822","대강초등학교","02","공립","N","","1","25","0","0","4730000","2700000"
"전북특별자치도교육청","전북특별자치도남원교육지원청","전북특별자치도 남원시","S130000823","남원대산초등학교","02","공립","N","","1","25","0","1","4800000","3300000"
"전북특별자치도교육청","전북특별자치도남원교육지원청","전북특별자치도 남원시","S130000824","덕과초등학교","02","공립","N","","1","25","0","0","4772000","1200000"
"전북특별자치도교육청","전북특별자치도남원교육지원청","전북특별자치도 남원시","S130000827","보절초등학교","02","공립","N","","1","39","0","0","5000000","2100000"
"전북특별자치도교육청","전북특별자치도남원교육지원청","전북특별자치도 남원시","S130000829","사매초등학교","02","공립","N","","1","0","0","0","4800000","200000"
"전북특별자치도교육청","전북특별자치도남원교육지원청","전북특별자치도 남원시","S130000830","산동초등학교","02","공립","N","","1","32","0","0","5688000","590000"
"전북특별자치도교육청","전북특별자치도남원교육지원청","전북특별자치도 남원시","S130000831","송동초등학교","02","공립","N","","1","12","0","0","7542000","538000"
"전북특별자치도교육청","전북특별자치도남원교육지원청","전북특별자치도 남원시","S130000832","수지초등학교","02","공립","N","","1","30","0","0","4784000","300000"
"전북특별자치도교육청","전북특별자치도남원교육지원청","전북특별자치도 남원시","S130000833","아영초등학교","02","공립","N","","1","40","0","0","5310000","2280000"
"전북특별자치도교육청","전북특별자치도남원교육지원청","전북특별자치도 남원시","S130000834","오동초등학교","02","공립","N","","1","16","0","0","4900000","800000"
"전북특별자치도교육청","전북특별자치도남원교육지원청","전북특별자치도 남원시","S130000835","남원용성초등학교","02","공립","N","","1","40","0","0","6800000","3408000"
"전북특별자치도교육청","전북특별자치도남원교육지원청","전북특별자치도 남원시","S130000837","운봉초등학교","02","공립","N","","1","12","0","0","2400000","500000"
"전북특별자치도교육청","전북특별자치도남원교육지원청","전북특별자치도 남원시","S130000840","원천초등학교","02","공립","N","","1","18","0","0","5714000","920000"
"전북특별자치도교육청","전북특별자치도남원교육지원청","전북특별자치도 남원시","S130000841","이백초등학교","02","공립","N","","1","25","0","0","5438000","2150000"
"전북특별자치도교육청","전북특별자치도남원교육지원청","전북특별자치도 남원시","S130000842","인월초등학교","02","공립","N","","1","50","0","0","4740000","806000"
"전북특별자치도교육청","전북특별자치도남원교육지원청","전북특별자치도 남원시","S130000845","주생초등학교","02","공립","N","","1","29","0","1","4662000","700000"
"전북특별자치도교육청","전북특별자치도무주교육지원청","전북특별자치도 무주군","S130000893","괴목초등학교","02","공립","N","","1","35","0","1","5070000","1900000"
"전북특별자치도교육청","전북특별자치도무주교육지원청","전북특별자치도 무주군","S130000894","구천초등학교","02","공립","N","","1","30","0","0","5832000","3100000"
"전북특별자치도교육청","전북특별자치도무주교육지원청","전북특별자치도 무주군","S130000897","무주중앙초등학교","02","공립","N","","1","28","0","0","8950000","3100000"
"전북특별자치도교육청","전북특별자치도무주교육지원청","전북특별자치도 무주군","S130000898","무주초등학교","02","공립","N","","1","50","0","0","9650000","3300000"
"전북특별자치도교육청","전북특별자치도무주교육지원청","전북특별자치도 무주군","S130000899","무풍초등학교","02","공립","N","","1","34","0","0","5000000","450000"
"전북특별자치도교육청","전북특별자치도무주교육지원청","전북특별자치도 무주군","S130000900","부남초등학교","02","공립","N","","1","21","0","0","5000000","1000000"
"전북특별자치도교육청","전북특별자치도무주교육지원청","전북특별자치도 무주군","S130000901","부당초등학교","02","공립","N","","1","10","0","0","3290000","500000"
"전북특별자치도교육청","전북특별자치도무주교육지원청","전북특별자치도 무주군","S130000903","설천초등학교","02","공립","N","","1","42","0","0","6590000","2270000"
"전북특별자치도교육청","전북특별자치도무주교육지원청","전북특별자치도 무주군","S130000904","안성초등학교","02","공립","N","","1","40","0","0","5280000","700000"
"전북특별자치도교육청","전북특별자치도무주교육지원청","전북특별자치도 무주군","S130000905","적상초등학교","02","공립","N","","1","8","0","1","5080000","880000"
"전북특별자치도교육청","전북특별자치도부안교육지원청","전북특별자치도 부안군","S130000934","격포초등학교","02","공립","N","","1","45","0","0","3210000","192000"
"전북특별자치도교육청","전북특별자치도부안교육지원청","전북특별자치도 부안군","S130000937","곰소초등학교","02","공립","N","","1","50","0","0","6010000","1575000"
"전북특별자치도교육청","전북특별자치도부안교육지원청","전북특별자치도 부안군","S130000941","동북초등학교","02","공립","N","","1","15","0","0","4008000","560000"
"전북특별자치도교육청","전북특별자치도부안교육지원청","전북특별자치도 부안군","S130000944","동진초등학교","02","공립","N","","1","30","0","0","5400000","520000"
"전북특별자치도교육청","전북특별자치도부안교육지원청","전북특별자치도 부안군","S130000947","백룡초등학교","02","공립","N","","1","16","0","0","4268000","420000"
"전북특별자치도교육청","전북특별자치도부안교육지원청","전북특별자치도 부안군","S130000948","백산초등학교","02","공립","N","","1","45","0","0","5349000","443000"
"전북특별자치도교육청","전북특별자치도부안교육지원청","전북특별자치도 부안군","S130000949","변산초등학교","02","공립","N","","1","36","0","0","4794000","600000"
"전북특별자치도교육청","전북특별자치도부안교육지원청","전북특별자치도 부안군","S130000952","부안남초등학교","02","공립","N","","1","28","0","0","4270000","1112000"
"전북특별자치도교육청","전북특별자치도부안교육지원청","전북특별자치도 부안군","S130000953","부안동초등학교","02","공립","N","","1","50","0","0","14040000","14315000"
"전북특별자치도교육청","전북특별자치도부안교육지원청","전북특별자치도 부안군","S130000954","부안초등학교","02","공립","N","","1","70","0","0","9118000","2280000"
"전북특별자치도교육청","전북특별자치도부안교육지원청","전북특별자치도 부안군","S130000955","상서초등학교","02","공립","N","","1","10","0","1","4550000","2000000"
"전북특별자치도교육청","전북특별자치도부안교육지원청","전북특별자치도 부안군","S130000956","영전초등학교","02","공립","N","","1","30","0","0","4926000","1090000"
"전북특별자치도교육청","전북특별자치도부안교육지원청","전북특별자치도 부안군","S130000957","우덕초등학교","02","공립","N","","1","42","0","0","4555000","2100000"
"전북특별자치도교육청","전북특별자치도부안교육지원청","전북특별자치도 부안군","S130000959","위도초등학교","02","공립","N","","1","20","0","0","5100000","300000"
"전북특별자치도교육청","전북특별자치도부안교육지원청","전북특별자치도 부안군","S130000964","주산초등학교","02","공립","N","","1","15","0","0","5120000","457000"
"전북특별자치도교육청","전북특별자치도부안교육지원청","전북특별자치도 부안군","S130000966","줄포초등학교","02","공립","N","","1","24","0","1","5700000","1000000"
"전북특별자치도교육청","전북특별자치도부안교육지원청","전북특별자치도 부안군","S130000967","창북초등학교","02","공립","N","","1","30","0","0","5200000","0"
"전북특별자치도교육청","전북특별자치도부안교육지원청","전북특별자치도 부안군","S130000968","하서초등학교","02","공립","N","","1","16","0","0","4768000","232000"
"전북특별자치도교육청","전북특별자치도부안교육지원청","전북특별자치도 부안군","S130000969","행안초등학교","02","공립","N","","1","20","0","0","5940000","1500000"
"전북특별자치도교육청","전북특별자치도순창교육지원청","전북특별자치도 순창군","S130001009","구림초등학교","02","공립","N","","1","30","0","0","5060000","1000000"
"전북특별자치도교육청","전북특별자치도순창교육지원청","전북특별자치도 순창군","S130001010","금과초등학교","02","공립","N","","1","30","0","0","4964000","2175000"
"전북특별자치도교육청","전북특별자치도순창교육지원청","전북특별자치도 순창군","S130001013","동계초등학교","02","공립","N","","1","20","0","0","5200000","800000"
"전북특별자치도교육청","전북특별자치도순창교육지원청","전북특별자치도 순창군","S130001014","동산초등학교","02","공립","N","","1","40","0","0","5300000","4000000"
"전북특별자치도교육청","전북특별자치도순창교육지원청","전북특별자치도 순창군","S130001015","복흥초등학교","02","공립","N","","1","20","0","0","5500000","300000"
"전북특별자치도교육청","전북특별자치도순창교육지원청","전북특별자치도 순창군","S130001017","순창중앙초등학교","02","공립","N","","1","50","0","0","7860000","2710000"
"전북특별자치도교육청","전북특별자치도순창교육지원청","전북특별자치도 순창군","S130001018","순창초등학교","02","공립","N","","1","48","0","0","9252000","3965000"
"전북특별자치도교육청","전북특별자치도순창교육지원청","전북특별자치도 순창군","S130001019","시산초등학교","02","공립","N","","1","31","0","0","5137000","987000"
"전북특별자치도교육청","전북특별자치도순창교육지원청","전북특별자치도 순창군","S130001020","쌍치초등학교","02","공립","N","","1","40","0","0","4500000","5900000"
"전북특별자치도교육청","전북특별자치도순창교육지원청","전북특별자치도 순창군","S130001022","옥천초등학교","02","공립","N","","1","24","0","0","5200000","1400000"
"전북특별자치도교육청","전북특별자치도순창교육지원청","전북특별자치도 순창군","S130001024","유등초등학교","02","공립","N","","1","23","0","0","4726000","1500000"
"전북특별자치도교육청","전북특별자치도순창교육지원청","전북특별자치도 순창군","S130001025","인계초등학교","02","공립","N","","1","16","0","0","6260000","1400000"
"전북특별자치도교육청","전북특별자치도순창교육지원청","전북특별자치도 순창군","S130001026","적성초등학교","02","공립","N","","1","8","0","0","4200000","900000"
"전북특별자치도교육청","전북특별자치도순창교육지원청","전북특별자치도 순창군","S130001027","팔덕초등학교","02","공립","N","","1","40","0","0","5910000","500000"
"전북특별자치도교육청","전북특별자치도순창교육지원청","전북특별자치도 순창군","S130001028","풍산초등학교","02","공립","N","","1","10","0","0","5360000","1500000"
"전북특별자치도교육청","전북특별자치도완주교육지원청","전북특별자치도 완주군","S130001058","가천초등학교","02","공립","N","","1","22","0","0","4700000","2500000"
"전북특별자치도교육청","전북특별자치도완주교육지원청","전북특별자치도 완주군","S130001059","간중초등학교","02","공립","N","","1","24","0","0","5300000","1300000"
"전북특별자치도교육청","전북특별자치도완주교육지원청","전북특별자치도 완주군","S130001061","삼우초등학교","02","공립","N","","1","20","0","0","5590000","2400000"
"전북특별자치도교육청","전북특별자치도완주교육지원청","전북특별자치도 완주군","S130001062","고산초등학교","02","공립","N","","1","53","0","0","5594000","500000"
"전북특별자치도교육청","전북특별자치도완주교육지원청","전북특별자치도 완주군","S130001064","구이초등학교","02","공립","N","","1","14","0","0","5107000","1100000"
"전북특별자치도교육청","전북특별자치도완주교육지원청","전북특별자치도 완주군","S130001065","남관초등학교","02","공립","N","","1","15","0","0","4960000","1500000"
"전북특별자치도교육청","전북특별자치도완주교육지원청","전북특별자치도 완주군","S130001066","대덕초등학교","02","공립","N","","1","18","0","0","5910000","500000"
"전북특별자치도교육청","전북특별자치도완주교육지원청","전북특별자치도 완주군","S130001067","동상초등학교","02","공립","N","","1","0","0","0","4772000","1300000"
"전북특별자치도교육청","전북특별자치도완주교육지원청","전북특별자치도 완주군","S130001068","동양초등학교","02","공립","N","","1","30","0","0","4800000","200000"
"전북특별자치도교육청","전북특별자치도완주교육지원청","전북특별자치도 완주군","S130001069","봉동초등학교","02","공립","N","","1","24","0","0","12610000","2222000"
"전북특별자치도교육청","전북특별자치도완주교육지원청","전북특별자치도 완주군","S130001070","봉동초등학교양화분교장","02","공립","N","","1","12","0","0","2629000","2000000"
"전북특별자치도교육청","전북특별자치도완주교육지원청","전북특별자치도 완주군","S130001071","봉서초등학교","02","공립","N","","1","30","0","0","14046000","4016000"
"전북특별자치도교육청","전북특별자치도완주교육지원청","전북특별자치도 완주군","S130001072","봉성초등학교","02","공립","N","","1","60","0","0","5000000","900000"
"전북특별자치도교육청","전북특별자치도완주교육지원청","전북특별자치도 완주군","S130001073","비봉초등학교","02","공립","N","","1","36","0","0","4904000","2102000"
"전북특별자치도교육청","전북특별자치도완주교육지원청","전북특별자치도 완주군","S130001075","삼례동초등학교","02","공립","N","","1","70","0","0","11704000","3220000"
"전북특별자치도교육청","전북특별자치도완주교육지원청","전북특별자치도 완주군","S130001076","삼례중앙초등학교","02","공립","N","","1","40","0","0","7000000","6500000"
"전북특별자치도교육청","전북특별자치도완주교육지원청","전북특별자치도 완주군","S130001077","삼례초등학교","02","공립","N","","1","36","0","1","7140000","1500000"
"전북특별자치도교육청","전북특별자치도완주교육지원청","전북특별자치도 완주군","S130001078","상관초등학교","02","공립","N","","1","40","0","0","6440000","2192000"
"전북특별자치도교육청","전북특별자치도완주교육지원청","전북특별자치도 완주군","S130001079","소양서초등학교","02","공립","N","","1","38","0","0","5000000","1850000"
"전북특별자치도교육청","전북특별자치도완주교육지원청","전북특별자치도 완주군","S130001080","소양초등학교","02","공립","N","","1","30","0","0","4858000","2082000"
"전북특별자치도교육청","전북특별자치도완주교육지원청","전북특별자치도 완주군","S130001081","송광초등학교","02","공립","N","","1","36","0","1","4181000","2000000"
"전북특별자치도교육청","전북특별자치도완주교육지원청","전북특별자치도 완주군","S130001082","용봉초등학교","02","공립","N","","1","45","0","1","7458000","500000"
"전북특별자치도교육청","전북특별자치도완주교육지원청","전북특별자치도 완주군","S130001083","용진초등학교","02","공립","N","","1","16","0","0","4880000","1600000"
"전북특별자치도교육청","전북특별자치도완주교육지원청","전북특별자치도 완주군","S130001084","운주초등학교","02","공립","N","","1","40","0","1","5568000","1500000"
"전북특별자치도교육청","전북특별자치도완주교육지원청","전북특별자치도 완주군","S130001086","이서초등학교","02","공립","N","","1","24","0","1","13500000","3200000"
"전북특별자치도교육청","전북특별자치도완주교육지원청","전북특별자치도 완주군","S130001087","이성초등학교","02","공립","N","","1","32","0","1","5200000","800000"
"전북특별자치도교육청","전북특별자치도완주교육지원청","전북특별자치도 완주군","S130001088","청명초등학교","02","공립","N","","1","20","0","0","5220000","2250000"
"전북특별자치도교육청","전북특별자치도완주교육지원청","전북특별자치도 완주군","S130001089","청완초등학교","02","공립","N","","1","11","0","1","9102000","4501000"
"전북특별자치도교육청","전북특별자치도완주교육지원청","전북특별자치도 완주군","S130001090","태봉초등학교","02","공립","N","","1","30","0","0","6100000","1170000"
"전북특별자치도교육청","전북특별자치도완주교육지원청","전북특별자치도 완주군","S130001091","화산초등학교","02","공립","N","","1","20","0","0","5604000","2200000"
"전북특별자치도교육청","전북특별자치도익산교육지원청","전북특별자치도 익산시","S130001151","금마초등학교","02","공립","N","","1","50","0","0","6900000","3600000"
"전북특별자치도교육청","전북특별자치도익산교육지원청","전북특별자치도 익산시","S130001153","낭산초등학교","02","공립","N","","1","20","0","0","4900000","1000000"
"전북특별자치도교육청","전북특별자치도익산교육지원청","전북특별자치도 익산시","S130001154","다송초등학교","02","공립","N","","1","20","0","1","4020000","200000"
"전북특별자치도교육청","전북특별자치도익산교육지원청","전북특별자치도 익산시","S130001155","망성초등학교","02","공립","N","","1","30","0","0","5528000","1680000"
"전북특별자치도교육청","전북특별자치도익산교육지원청","전북특별자치도 익산시","S130001156","미륵초등학교","02","공립","N","","1","21","0","1","4270000","1200000"
"전북특별자치도교육청","전북특별자치도익산교육지원청","전북특별자치도 익산시","S130001157","삼기초등학교","02","공립","N","","1","25","0","0","4940000","1200000"
"전북특별자치도교육청","전북특별자치도익산교육지원청","전북특별자치도 익산시","S130001158","석불초등학교","02","공립","N","","1","12","0","1","4220000","300000"
"전북특별자치도교육청","전북특별자치도익산교육지원청","전북특별자치도 익산시","S130001160","성당초등학교","02","공립","N","","1","54","0","0","6966000","793000"
"전북특별자치도교육청","전북특별자치도익산교육지원청","전북특별자치도 익산시","S130001162","성북초등학교","02","공립","N","","1","12","0","1","432000","260000"
"전북특별자치도교육청","전북특별자치도익산교육지원청","전북특별자치도 익산시","S130001166","여산초등학교","02","공립","N","","1","50","0","0","6000000","3100000"
"전북특별자치도교육청","전북특별자치도익산교육지원청","전북특별자치도 익산시","S130001167","영만초등학교","02","공립","N","","1","36","0","0","13124000","1500000"
"전북특별자치도교육청","전북특별자치도익산교육지원청","전북특별자치도 익산시","S130001168","오산남초등학교","02","공립","N","","1","24","0","0","6917000","400000"
"전북특별자치도교육청","전북특별자치도익산교육지원청","전북특별자치도 익산시","S130001169","오산초등학교","02","공립","N","","1","30","0","0","6270000","1434000"
"전북특별자치도교육청","전북특별자치도익산교육지원청","전북특별자치도 익산시","S130001170","왕궁남초등학교","02","공립","N","","1","20","0","0","4590000","390000"
"전북특별자치도교육청","전북특별자치도익산교육지원청","전북특별자치도 익산시","S130001171","왕궁초등학교","02","공립","N","","1","60","0","0","5600000","850000"
"전북특별자치도교육청","전북특별자치도익산교육지원청","전북특별자치도 익산시","S130001172","왕북초등학교","02","공립","N","","1","24","0","0","4543000","1260000"
"전북특별자치도교육청","전북특별자치도익산교육지원청","전북특별자치도 익산시","S130001173","용남초등학교","02","공립","N","","1","16","0","0","4380000","600000"
"전북특별자치도교육청","전북특별자치도익산교육지원청","전북특별자치도 익산시","S130001174","용북초등학교","02","공립","N","","1","13","0","0","4010000","530000"
"전북특별자치도교육청","전북특별자치도익산교육지원청","전북특별자치도 익산시","S130001175","용산초등학교","02","공립","N","","1","18","0","0","5110000","200000"
"전북특별자치도교육청","전북특별자치도익산교육지원청","전북특별자치도 익산시","S130001176","용성초등학교","02","공립","N","","1","18","0","0","4890000","800000"
"전북특별자치도교육청","전북특별자치도익산교육지원청","전북특별자치도 익산시","S130001177","용안초등학교","02","공립","N","","1","40","0","0","5350000","2410000"
"전북특별자치도교육청","전북특별자치도익산교육지원청","전북특별자치도 익산시","S130001179","웅포초등학교","02","공립","N","","1","12","0","0","4880000","2300000"
"전북특별자치도교육청","전북특별자치도익산교육지원청","전북특별자치도 익산시","S130001180","이리계문초등학교","02","공립","N","","1","50","0","0","5392000","1968000"
"전북특별자치도교육청","전북특별자치도익산교육지원청","전북특별자치도 익산시","S130001181","이리고현초등학교","02","공립","N","","1","36","0","0","6000000","400000"
"전북특별자치도교육청","전북특별자치도익산교육지원청","전북특별자치도 익산시","S130001182","이리남창초등학교","02","공립","N","","1","30","0","0","5034000","1000000"
"전북특별자치도교육청","전북특별자치도익산교육지원청","전북특별자치도 익산시","S130001183","이리남초등학교","02","공립","N","","1","19","0","0","5400000","380000"
"전북특별자치도교육청","전북특별자치도익산교육지원청","전북특별자치도 익산시","S130001184","이리동남초등학교","02","공립","N","","1","70","0","0","11712000","4466000"
"전북특별자치도교육청","전북특별자치도익산교육지원청","전북특별자치도 익산시","S130001185","이리동북초등학교","02","공립","N","","1","43","0","1","8904000","650000"
"전북특별자치도교육청","전북특별자치도익산교육지원청","전북특별자치도 익산시","S130001186","이리동산초등학교","02","공립","N","","1","44","0","0","11318000","5275000"
"전북특별자치도교육청","전북특별자치도익산교육지원청","전북특별자치도 익산시","S130001187","이리동초등학교","02","공립","N","","1","36","0","0","10730000","200000"
"전북특별자치도교육청","전북특별자치도익산교육지원청","전북특별자치도 익산시","S130001188","이리마한초등학교","02","공립","N","","1","50","0","1","8300000","1550000"
"전북특별자치도교육청","전북특별자치도익산교육지원청","전북특별자치도 익산시","S130001189","이리모현초등학교","02","공립","N","","1","45","1","0","14996000","1200000"
"전북특별자치도교육청","전북특별자치도익산교육지원청","전북특별자치도 익산시","S130001190","이리백제초등학교","02","공립","N","","1","40","0","0","17700000","7180000"
"전북특별자치도교육청","전북특별자치도익산교육지원청","전북특별자치도 익산시","S130001191","이리부송초등학교","02","공립","N","","1","30","0","0","8500000","1100000"
"전북특별자치도교육청","전북특별자치도익산교육지원청","전북특별자치도 익산시","S130001192","이리부천초등학교","02","공립","N","","1","50","0","0","12000000","1400000"
"전북특별자치도교육청","전북특별자치도익산교육지원청","전북특별자치도 익산시","S130001193","이리북일초등학교","02","공립","N","","1","50","0","0","5036000","800000"
"전북특별자치도교육청","전북특별자치도익산교육지원청","전북특별자치도 익산시","S130001194","이리북초등학교","02","공립","N","","1","40","0","0","6460000","1900000"
"전북특별자치도교육청","전북특별자치도익산교육지원청","전북특별자치도 익산시","S130001195","이리삼성초등학교","02","공립","N","","1","16","0","0","5400000","2400000"
"전북특별자치도교육청","전북특별자치도익산교육지원청","전북특별자치도 익산시","S130001196","이리서초등학교","02","공립","N","","1","30","0","1","10760000","5800000"
"전북특별자치도교육청","전북특별자치도익산교육지원청","전북특별자치도 익산시","S130001197","이리석암초등학교","02","공립","N","","1","20","0","0","4764000","2042000"
"전북특별자치도교육청","전북특별자치도익산교육지원청","전북특별자치도 익산시","S130001198","이리송학초등학교","02","공립","N","","1","32","0","0","10766000","1600000"
"전북특별자치도교육청","전북특별자치도익산교육지원청","전북특별자치도 익산시","S130001199","이리신동초등학교","02","공립","N","","1","44","0","0","5700000","750000"
"전북특별자치도교육청","전북특별자치도익산교육지원청","전북특별자치도 익산시","S130001200","이리신흥초등학교","02","공립","N","","1","24","0","0","6300000","1500000"
"전북특별자치도교육청","전북특별자치도익산교육지원청","전북특별자치도 익산시","S130001201","익산어양초등학교","02","공립","N","","1","70","0","1","12720000","1650000"
"전북특별자치도교육청","전북특별자치도익산교육지원청","전북특별자치도 익산시","S130001202","이리영등초등학교","02","공립","N","","1","43","0","0","11320000","2110000"
"전북특별자치도교육청","전북특별자치도익산교육지원청","전북특별자치도 익산시","S130001203","이리중앙초등학교","02","공립","N","","1","24","0","0","5568000","1000000"
"전북특별자치도교육청","전북특별자치도익산교육지원청","전북특별자치도 익산시","S130001204","이리초등학교","02","공립","N","","1","26","0","0","7810000","8210000"
"전북특별자치도교육청","전북특별자치도익산교육지원청","전북특별자치도 익산시","S130001205","이리팔봉초등학교","02","공립","N","","1","24","0","1","8400000","550000"
"전북특별자치도교육청","전북특별자치도익산교육지원청","전북특별자치도 익산시","S130001206","익산초등학교","02","공립","N","","1","44","0","1","9500000","1780000"
"전북특별자치도교육청","전북특별자치도익산교육지원청","전북특별자치도 익산시","S130001207","천서초등학교","02","공립","N","","1","16","0","0","4600000","1320000"
"전북특별자치도교육청","전북특별자치도익산교육지원청","전북특별자치도 익산시","S130001208","춘포초등학교","02","공립","N","","1","12","0","0","6000000","1350000"
"전북특별자치도교육청","전북특별자치도익산교육지원청","전북특별자치도 익산시","S130001209","함라초등학교","02","공립","N","","1","20","0","0","4000000","1000000"
"전북특별자치도교육청","전북특별자치도익산교육지원청","전북특별자치도 익산시","S130001210","함열초등학교","02","공립","N","","1","24","0","1","7109000","200000"
"전북특별자치도교육청","전북특별자치도익산교육지원청","전북특별자치도 익산시","S130001211","황등남초등학교","02","공립","N","","1","20","0","1","6117000","300000"
"전북특별자치도교육청","전북특별자치도익산교육지원청","전북특별자치도 익산시","S130001212","황등초등학교","02","공립","N","","1","36","0","0","5770000","400000"
"전북특별자치도교육청","전북특별자치도익산교육지원청","전북특별자치도 익산시","S130001213","흥왕초등학교","02","공립","N","","1","21","0","0","3821000","596000"
"전북특별자치도교육청","전북특별자치도임실교육지원청","전북특별자치도 임실군","S130001308","갈담초등학교","02","공립","N","","1","20","0","0","4824000","1300000"
"전북특별자치도교육청","전북특별자치도임실교육지원청","전북특별자치도 임실군","S130001311","관촌초등학교","02","공립","N","","1","20","0","0","5200000","590000"
"전북특별자치도교육청","전북특별자치도임실교육지원청","전북특별자치도 임실군","S130001313","대리초등학교","02","공립","N","","1","40","0","0","4900000","4900000"
"전북특별자치도교육청","전북특별자치도임실교육지원청","전북특별자치도 임실군","S130001314","덕치초등학교","02","공립","N","","1","30","0","0","4200000","2000000"
"전북특별자치도교육청","전북특별자치도임실교육지원청","전북특별자치도 임실군","S130001316","삼계초등학교","02","공립","N","","1","40","0","1","4455000","3195000"
"전북특별자치도교육청","전북특별자치도임실교육지원청","전북특별자치도 임실군","S130001318","성수초등학교","02","공립","N","","1","20","0","0","5010000","2350000"
"전북특별자치도교육청","전북특별자치도임실교육지원청","전북특별자치도 임실군","S130001320","신평초등학교","02","공립","N","","1","24","0","0","3600000","800000"
"전북특별자치도교육청","전북특별자치도임실교육지원청","전북특별자치도 임실군","S130001322","오수초등학교","02","공립","N","","1","16","0","0","6048000","2600000"
"전북특별자치도교육청","전북특별자치도임실교육지원청","전북특별자치도 임실군","S130001323","운암초등학교","02","공립","N","","1","10","0","0","4800000","600000"
"전북특별자치도교육청","전북특별자치도임실교육지원청","전북특별자치도 임실군","S130001324","마암초등학교","02","공립","N","","1","15","0","0","5373000","2450000"
"전북특별자치도교육청","전북특별자치도임실교육지원청","전북특별자치도 임실군","S130001325","임실기림초등학교","02","공립","N","","1","15","0","0","2400000","3370000"
"전북특별자치도교육청","전북특별자치도임실교육지원청","전북특별자치도 임실군","S130001327","임실초등학교","02","공립","N","","1","26","0","0","15162000","5764000"
"전북특별자치도교육청","전북특별자치도임실교육지원청","전북특별자치도 임실군","S130001328","지사초등학교","02","공립","N","","1","24","0","0","5320000","3220000"
"전북특별자치도교육청","전북특별자치도임실교육지원청","전북특별자치도 임실군","S130001329","청웅초등학교","02","공립","N","","1","30","0","0","4834000","352000"
"전북특별자치도교육청","전북특별자치도장수교육지원청","전북특별자치도 장수군","S130001352","계남초등학교","02","공립","N","","1","30","0","0","5284000","400000"
"전북특별자치도교육청","전북특별자치도장수교육지원청","전북특별자치도 장수군","S130001353","계북초등학교","02","공립","N","","1","20","0","0","5360000","1160000"
"전북특별자치도교육청","전북특별자치도장수교육지원청","전북특별자치도 장수군","S130001358","번암초등학교","02","공립","N","","1","24","0","1","5123000","2196000"
"전북특별자치도교육청","전북특별자치도장수교육지원청","전북특별자치도 장수군","S130001359","번암초등학교동화분교장","02","공립","N","","1","4","0","1","2250000","940000"
"전북특별자치도교육청","전북특별자치도장수교육지원청","전북특별자치도 장수군","S130001360","산서초등학교","02","공립","N","","1","35","0","0","5487000","477000"
"전북특별자치도교육청","전북특별자치도장수교육지원청","전북특별자치도 장수군","S130001361","수남초등학교","02","공립","N","","1","40","0","0","5512000","2000000"
"전북특별자치도교육청","전북특별자치도장수교육지원청","전북특별자치도 장수군","S130001365","장계초등학교","02","공립","N","","1","50","1","0","6480000","1000000"
"전북특별자치도교육청","전북특별자치도장수교육지원청","전북특별자치도 장수군","S130001366","장수초등학교","02","공립","N","","1","20","0","0","12386000","4220000"
"전북특별자치도교육청","전북특별자치도장수교육지원청","전북특별자치도 장수군","S130001368","천천초등학교","02","공립","N","","1","20","0","0","4960000","1700000"
"전북특별자치도교육청","전북특별자치도전주교육지원청","전북특별자치도 전주시 덕진구","S130001423","전주금암초등학교","02","공립","N","","1","50","0","0","7200000","1500000"
"전북특별자치도교육청","전북특별자치도전주교육지원청","전북특별자치도 전주시 덕진구","S130001424","전주금평초등학교","02","공립","N","","1","52","0","0","7158000","3100000"
"전북특별자치도교육청","전북특별자치도전주교육지원청","전북특별자치도 전주시 덕진구","S130001425","전주기린초등학교","02","공립","N","","1","50","0","1","10085000","1500000"
"전북특별자치도교육청","전북특별자치도전주교육지원청","전북특별자치도 전주시 완산구","S130001426","전주남초등학교","02","공립","N","","1","18","0","1","7549000","700000"
"전북특별자치도교육청","전북특별자치도전주교육지원청","전북특별자치도 전주시 완산구","S130001427","전주대성초등학교","02","공립","N","","1","12","0","0","12779000","800000"
"전북특별자치도교육청","전북특별자치도전주교육지원청","전북특별자치도 전주시 덕진구","S130001428","전주덕일초등학교","02","공립","N","","1","54","0","0","7084000","1100000"
"전북특별자치도교육청","전북특별자치도전주교육지원청","전북특별자치도 전주시 덕진구","S130001429","전주덕진초등학교","02","공립","N","","1","20","0","1","5458000","1000000"
"전북특별자치도교육청","전북특별자치도전주교육지원청","전북특별자치도 전주시 덕진구","S130001431","전주동북초등학교","02","공립","N","","1","20","0","1","6382000","3636000"
"전북특별자치도교육청","전북특별자치도전주교육지원청","전북특별자치도 전주시 덕진구","S130001432","전주동신초등학교","02","공립","N","","1","30","0","0","11655000","4995000"
"전북특별자치도교육청","전북특별자치도전주교육지원청","전북특별자치도 전주시 완산구","S130001433","전주동초등학교","02","공립","N","","1","48","0","0","7000000","2400000"
"전북특별자치도교육청","전북특별자치도전주교육지원청","전북특별자치도 전주시 덕진구","S130001434","전주만성초등학교","02","공립","N","","1","60","0","0","21260000","9780000"
"전북특별자치도교육청","전북특별자치도전주교육지원청","전북특별자치도 전주시 완산구","S130001435","전주문정초등학교","02","공립","N","","1","22","0","0","5800000","2518000"
"전북특별자치도교육청","전북특별자치도전주교육지원청","전북특별자치도 전주시 덕진구","S130001436","전주미산초등학교","02","공립","N","","1","30","0","0","5054000","2706000"
"전북특별자치도교육청","전북특별자치도전주교육지원청","전북특별자치도 전주시 덕진구","S130001437","전주반월초등학교","02","공립","N","","1","36","0","0","11340000","1600000"
"전북특별자치도교육청","전북특별자치도전주교육지원청","전북특별자치도 전주시 덕진구","S130001438","전주북일초등학교","02","공립","N","","1","28","0","0","19434000","6600000"
"전북특별자치도교육청","전북특별자치도전주교육지원청","전북특별자치도 전주시 덕진구","S130001439","전주북초등학교","02","공립","N","","1","100","0","0","8500000","2000000"
"전북특별자치도교육청","전북특별자치도전주교육지원청","전북특별자치도 전주시 완산구","S130001440","전주삼천남초등학교","02","공립","N","","1","30","0","0","12320000","8350000"
"전북특별자치도교육청","전북특별자치도전주교육지원청","전북특별자치도 전주시 완산구","S130001441","전주삼천초등학교","02","공립","N","","1","24","0","0","12850000","3700000"
"전북특별자치도교육청","전북특별자치도전주교육지원청","전북특별자치도 전주시 완산구","S130001442","전주서곡초등학교","02","공립","N","","1","36","0","0","11540000","4360000"
"전북특별자치도교육청","전북특별자치도전주교육지원청","전북특별자치도 전주시 완산구","S130001443","전주서문초등학교","02","공립","N","","1","30","0","0","8354000","3800000"
"전북특별자치도교육청","전북특별자치도전주교육지원청","전북특별자치도 전주시 완산구","S130001444","전주서신초등학교","02","공립","N","","1","24","0","0","11920000","4500000"
"전북특별자치도교육청","전북특별자치도전주교육지원청","전북특별자치도 전주시 완산구","S130001445","전주서원초등학교","02","공립","N","","1","80","0","0","10500000","4200000"
"전북특별자치도교육청","전북특별자치도전주교육지원청","전북특별자치도 전주시 완산구","S130001446","전주서일초등학교","02","공립","N","","1","36","0","0","11640000","1082000"
"전북특별자치도교육청","전북특별자치도전주교육지원청","전북특별자치도 전주시 완산구","S130001447","전주서천초등학교","02","공립","N","","1","10","0","0","8200000","3200000"
"전북특별자치도교육청","전북특별자치도전주교육지원청","전북특별자치도 전주시 덕진구","S130001448","전주송북초등학교","02","공립","N","","1","45","0","0","10889000","4820000"
"전북특별자치도교육청","전북특별자치도전주교육지원청","전북특별자치도 전주시 덕진구","S130001449","전주송원초등학교","02","공립","N","","1","36","0","0","10315000","7340000"
"전북특별자치도교육청","전북특별자치도전주교육지원청","전북특별자치도 전주시 덕진구","S130001450","전주송천초등학교","02","공립","N","","1","26","0","0","12100000","8100000"
"전북특별자치도교육청","전북특별자치도전주교육지원청","전북특별자치도 전주시 덕진구","S130001451","전주신동초등학교","02","공립","N","","1","30","0","0","14640000","8160000"
"전북특별자치도교육청","전북특별자치도전주교육지원청","전북특별자치도 전주시 완산구","S130001452","전주신성초등학교","02","공립","N","","1","30","0","0","12220000","3700000"
"전북특별자치도교육청","전북특별자치도전주교육지원청","전북특별자치도 전주시 덕진구","S130001453","전주아중초등학교","02","공립","N","","1","60","0","0","7900000","2100000"
"전북특별자치도교육청","전북특별자치도전주교육지원청","전북특별자치도 전주시 완산구","S130001454","전주양지초등학교","02","공립","N","","1","30","0","0","8109000","3550000"
"전북특별자치도교육청","전북특별자치도전주교육지원청","전북특별자치도 전주시 완산구","S130001455","전주완산서초등학교","02","공립","N","","1","40","0","0","6915000","6685000"
"전북특별자치도교육청","전북특별자치도전주교육지원청","전북특별자치도 전주시 완산구","S130001456","전주완산초등학교","02","공립","N","","1","45","0","0","6020000","0"
"전북특별자치도교육청","전북특별자치도전주교육지원청","전북특별자치도 전주시 덕진구","S130001457","전주용덕초등학교","02","공립","N","","1","20","0","0","5060000","800000"
"전북특별자치도교육청","전북특별자치도전주교육지원청","전북특별자치도 전주시 완산구","S130001458","전주용흥초등학교","02","공립","N","","1","55","0","1","23486000","3120000"
"전북특별자치도교육청","전북특별자치도전주교육지원청","전북특별자치도 전주시 완산구","S130001459","전주우전초등학교","02","공립","N","","1","44","0","0","14004000","500000"
"전북특별자치도교육청","전북특별자치도전주교육지원청","전북특별자치도 전주시 덕진구","S130001460","전주원동초등학교","02","공립","N","","1","20","0","1","5208000","610000"
"전북특별자치도교육청","전북특별자치도전주교육지원청","전북특별자치도 전주시 덕진구","S130001461","전주인봉초등학교","02","공립","N","","1","30","0","0","15880000","6480000"
"전북특별자치도교육청","전북특별자치도전주교육지원청","전북특별자치도 전주시 덕진구","S130001462","전주인후초등학교","02","공립","N","","1","50","0","0","14460000","4000000"
"전북특별자치도교육청","전북특별자치도전주교육지원청","전북특별자치도 전주시 덕진구","S130001463","전주장동초등학교","02","공립","N","","1","30","0","0","6790000","200000"
"전북특별자치도교육청","전북특별자치도전주교육지원청","전북특별자치도 전주시 덕진구","S130001464","전주전라초등학교","02","공립","N","","1","30","0","0","12400000","5800000"
"전북특별자치도교육청","전북특별자치도전주교육지원청","전북특별자치도 전주시 덕진구","S130001465","전주전일초등학교","02","공립","N","","1","30","0","0","6627000","2000000"
"전북특별자치도교육청","전북특별자치도전주교육지원청","전북특별자치도 전주시 덕진구","S130001466","전주조촌초등학교","02","공립","N","","1","80","0","0","14502000","1200000"
"전북특별자치도교육청","전북특별자치도전주교육지원청","전북특별자치도 전주시 완산구","S130001467","전주중산초등학교","02","공립","N","","1","52","0","0","9150000","4800000"
"전북특별자치도교육청","전북특별자치도전주교육지원청","전북특별자치도 전주시 완산구","S130001468","전주중앙초등학교","02","공립","N","","1","16","0","0","5800000","1300000"
"전북특별자치도교육청","전북특별자치도전주교육지원청","전북특별자치도 전주시 완산구","S130001469","전주중인초등학교","02","공립","N","","1","25","0","0","6588000","1850000"
"전북특별자치도교육청","전북특별자치도전주교육지원청","전북특별자치도 전주시 완산구","S130001470","전주지곡초등학교","02","공립","N","","1","60","0","0","17800000","3570000"
"전북특별자치도교육청","전북특별자치도전주교육지원청","전북특별자치도 전주시 덕진구","S130001471","전주진북초등학교","02","공립","N","","1","50","0","0","8640000","600000"
"전북특별자치도교육청","전북특별자치도전주교육지원청","전북특별자치도 전주시 완산구","S130001472","전주초등학교","02","공립","N","","1","50","0","0","11610000","2700000"
"전북특별자치도교육청","전북특별자치도전주교육지원청","전북특별자치도 전주시 덕진구","S130001473","전주초포초등학교","02","공립","N","","1","20","0","0","7440000","2300000"
"전북특별자치도교육청","전북특별자치도전주교육지원청","전북특별자치도 전주시 덕진구","S130001474","전주팔복초등학교","02","공립","N","","1","52","0","0","5090000","1000000"
"전북특별자치도교육청","전북특별자치도전주교육지원청","전북특별자치도 전주시 완산구","S130001475","전주평화초등학교","02","공립","N","","1","30","0","0","9600000","3320000"
"전북특별자치도교육청","전북특별자치도전주교육지원청","전북특별자치도 전주시 완산구","S130001476","전주풍남초등학교","02","공립","N","","1","41","0","0","7459000","1120000"
"전북특별자치도교육청","전북특별자치도전주교육지원청","전북특별자치도 전주시 완산구","S130001477","전주한들초등학교","02","공립","N","","1","30","0","0","14560000","10200000"
"전북특별자치도교육청","전북특별자치도전주교육지원청","전북특별자치도 전주시 완산구","S130001478","전주화산초등학교","02","공립","N","","1","40","0","0","16362000","7562000"
"전북특별자치도교육청","전북특별자치도전주교육지원청","전북특별자치도 전주시 완산구","S130001479","전주효림초등학교","02","공립","N","","1","33","0","0","8021000","2525000"
"전북특별자치도교육청","전북특별자치도전주교육지원청","전북특별자치도 전주시 완산구","S130001480","전주효문초등학교","02","공립","N","","1","35","0","0","7154000","900000"
"전북특별자치도교육청","전북특별자치도전주교육지원청","전북특별자치도 전주시 완산구","S130001481","전주효자초등학교","02","공립","N","","1","8","0","0","8153000","4966000"
"전북특별자치도교육청","전북특별자치도정읍교육지원청","전북특별자치도 정읍시","S130001604","감곡초등학교","02","공립","N","","1","25","0","1","4730000","250000"
"전북특별자치도교육청","전북특별자치도정읍교육지원청","전북특별자치도 정읍시","S130001605","고부초등학교","02","공립","N","","1","60","0","0","4988000","1000000"
"전북특별자치도교육청","전북특별자치도정읍교육지원청","전북특별자치도 정읍시","S130001607","교암초등학교","02","공립","N","","1","20","0","0","5600000","1000000"
"전북특별자치도교육청","전북특별자치도정읍교육지원청","전북특별자치도 정읍시","S130001608","내장초등학교","02","공립","N","","1","42","0","0","5180000","2220000"
"전북특별자치도교육청","전북특별자치도정읍교육지원청","전북특별자치도 정읍시","S130001609","능교초등학교","02","공립","N","","1","20","0","0","5070000","600000"
"전북특별자치도교육청","전북특별자치도정읍교육지원청","전북특별자치도 정읍시","S130001611","대흥초등학교","02","공립","N","","1","12","0","0","5548000","2000000"
"전북특별자치도교육청","전북특별자치도정읍교육지원청","전북특별자치도 정읍시","S130001612","덕천초등학교","02","공립","N","","1","24","0","0","5070000","3173000"
"전북특별자치도교육청","전북특별자치도정읍교육지원청","전북특별자치도 정읍시","S130001613","도학초등학교","02","공립","N","","1","8","0","0","4000000","945000"
"전북특별자치도교육청","전북특별자치도정읍교육지원청","전북특별자치도 정읍시","S130001614","동신초등학교","02","공립","N","","1","20","0","0","12500000","7400000"
"전북특별자치도교육청","전북특별자치도정읍교육지원청","전북특별자치도 정읍시","S130001616","백암초등학교","02","공립","N","","1","20","0","0","4519000","1000000"
"전북특별자치도교육청","전북특별자치도정읍교육지원청","전북특별자치도 정읍시","S130001618","보성초등학교","02","공립","N","","1","30","0","0","4890000","2956000"
"전북특별자치도교육청","전북특별자치도정읍교육지원청","전북특별자치도 정읍시","S130001619","북면초등학교","02","공립","N","","1","24","0","0","5162000","1000000"
"전북특별자치도교육청","전북특별자치도정읍교육지원청","전북특별자치도 정읍시","S130001620","산외초등학교","02","공립","N","","1","30","0","0","5000000","500000"
"전북특별자치도교육청","전북특별자치도정읍교육지원청","전북특별자치도 정읍시","S130001622","서신초등학교","02","공립","N","","1","50","0","0","5062000","1550000"
"전북특별자치도교육청","전북특별자치도정읍교육지원청","전북특별자치도 정읍시","S130001623","소성초등학교","02","공립","N","","1","20","0","0","5200000","1500000"
"전북특별자치도교육청","전북특별자치도정읍교육지원청","전북특별자치도 정읍시","S130001624","수곡초등학교","02","공립","N","","1","16","0","0","5496000","205000"
"전북특별자치도교육청","전북특별자치도정읍교육지원청","전북특별자치도 정읍시","S130001627","신태인초등학교","02","공립","N","","1","32","0","1","9440000","7350000"
"전북특별자치도교육청","전북특별자치도정읍교육지원청","전북특별자치도 정읍시","S130001629","영산초등학교","02","공립","N","","1","36","0","0","5575000","300000"
"전북특별자치도교육청","전북특별자치도정읍교육지원청","전북특별자치도 정읍시","S130001630","영원초등학교","02","공립","N","","1","30","0","0","5200000","500000"
"전북특별자치도교육청","전북특별자치도정읍교육지원청","전북특별자치도 정읍시","S130001632","옹동초등학교","02","공립","N","","1","24","0","0","5221000","940000"
"전북특별자치도교육청","전북특별자치도정읍교육지원청","전북특별자치도 정읍시","S130001636","이평초등학교","02","공립","N","","1","30","0","0","5505000","1212000"
"전북특별자치도교육청","전북특별자치도정읍교육지원청","전북특별자치도 정읍시","S130001637","입암초등학교","02","공립","N","","1","24","0","0","7708000","1180000"
"전북특별자치도교육청","전북특별자치도정읍교육지원청","전북특별자치도 정읍시","S130001638","정남초등학교","02","공립","N","","0","0","0","0","4470000","2000000"
"전북특별자치도교육청","전북특별자치도정읍교육지원청","전북특별자치도 정읍시","S130001639","정우초등학교","02","공립","N","","1","40","0","1","5250000","1250000"
"전북특별자치도교육청","전북특별자치도정읍교육지원청","전북특별자치도 정읍시","S130001640","정읍남초등학교","02","공립","N","","1","28","0","0","8160000","2975000"
"전북특별자치도교육청","전북특별자치도정읍교육지원청","전북특별자치도 정읍시","S130001641","정읍동초등학교","02","공립","N","","1","52","0","0","6402000","1900000"
"전북특별자치도교육청","전북특별자치도정읍교육지원청","전북특별자치도 정읍시","S130001642","정읍북초등학교","02","공립","N","","1","30","0","0","10560000","3841000"
"전북특별자치도교육청","전북특별자치도정읍교육지원청","전북특별자치도 정읍시","S130001643","정읍서초등학교","02","공립","N","","1","50","0","0","10800000","1500000"
"전북특별자치도교육청","전북특별자치도정읍교육지원청","전북특별자치도 정읍시","S130001644","정읍수성초등학교","02","공립","N","","1","38","0","0","7500000","3760000"
"전북특별자치도교육청","전북특별자치도정읍교육지원청","전북특별자치도 정읍시","S130001645","정일초등학교","02","공립","N","","1","22","0","0","5025000","1000000"
"전북특별자치도교육청","전북특별자치도정읍교육지원청","전북특별자치도 정읍시","S130001646","칠보초등학교","02","공립","N","","1","30","0","0","4980000","1540000"
"전북특별자치도교육청","전북특별자치도정읍교육지원청","전북특별자치도 정읍시","S130001647","태인초등학교","02","공립","N","","1","60","0","1","5100000","700000"
"전북특별자치도교육청","전북특별자치도진안교육지원청","전북특별자치도 진안군","S130001721","동향초등학교","02","공립","N","","1","40","0","0","4697000","900000"
"전북특별자치도교육청","전북특별자치도진안교육지원청","전북특별자치도 진안군","S130001722","마령초등학교","02","공립","N","","1","20","0","0","5096000","2184000"
"전북특별자치도교육청","전북특별자치도진안교육지원청","전북특별자치도 진안군","S130001723","백운초등학교","02","공립","N","","1","40","0","0","4980000","1000000"
"전북특별자치도교육청","전북특별자치도진안교육지원청","전북특별자치도 진안군","S130001724","부귀초등학교","02","공립","N","","1","20","0","0","4750000","720000"
"전북특별자치도교육청","전북특별자치도진안교육지원청","전북특별자치도 진안군","S130001727","송풍초등학교","02","공립","N","","1","24","0","0","4631000","2000000"
"전북특별자치도교육청","전북특별자치도진안교육지원청","전북특별자치도 진안군","S130001728","안천초등학교","02","공립","N","","1","30","0","1","5250000","1640000"
"전북특별자치도교육청","전북특별자치도진안교육지원청","전북특별자치도 진안군","S130001730","오천초등학교","02","공립","N","","1","13","0","0","5740000","1300000"
"전북특별자치도교육청","전북특별자치도진안교육지원청","전북특별자치도 진안군","S130001731","외궁초등학교","02","공립","N","","1","20","0","0","5280000","1000000"
"전북특별자치도교육청","전북특별자치도진안교육지원청","전북특별자치도 진안군","S130001733","장승초등학교","02","공립","N","","1","50","0","0","5600000","1000000"
"전북특별자치도교육청","전북특별자치도진안교육지원청","전북특별자치도 진안군","S130001734","조림초등학교","02","공립","N","","1","8","0","0","6200000","2500000"
"전북특별자치도교육청","전북특별자치도진안교육지원청","전북특별자치도 진안군","S130001737","주천초등학교","02","공립","N","","1","60","0","0","5400000","1000000"
"전북특별자치도교육청","전북특별자치도진안교육지원청","전북특별자치도 진안군","S130001741","진안중앙초등학교","02","공립","N","","1","24","0","0","7280000","6900000"
"전북특별자치도교육청","전북특별자치도진안교육지원청","전북특별자치도 진안군","S130001742","진안초등학교","02","공립","N","","1","18","0","0","7060000","1700000"
"전북특별자치도교육청","전북특별자치도익산교육지원청","전북특별자치도 익산시","S130002454","익산궁동초등학교","02","공립","N","","1","24","0","0","13000000","1000000"
"전북특별자치도교육청","전북특별자치도정읍교육지원청","전북특별자치도 정읍시","S130002462","정읍초등학교","02","공립","N","","1","46","0","0","6507000","1200000"
"전북특별자치도교육청","전북특별자치도전주교육지원청","전북특별자치도 전주시 완산구","S130002463","전주여울초등학교","02","공립","N","","1","30","0","1","11093000","1232000"
"전북특별자치도교육청","전북특별자치도전주교육지원청","전북특별자치도 전주시 덕진구","S130002468","전주용소초등학교","02","공립","N","","1","50","0","1","10040000","3475000"
"전북특별자치도교육청","전북특별자치도전주교육지원청","전북특별자치도 전주시 완산구","S130002478","전주대정초등학교","02","공립","N","","1","51","0","0","14589000","3130000"
"전북특별자치도교육청","전북특별자치도전주교육지원청","전북특별자치도 전주시 완산구","S130002479","전주용와초등학교","02","공립","N","","1","75","0","0","9284000","8600000"
"전북특별자치도교육청","전북특별자치도군산교육지원청","전북특별자치도 군산시","S130002498","군산미성초등학교","02","공립","N","","1","40","0","0","5866000","750000"
"전북특별자치도교육청","전북특별자치도군산교육지원청","전북특별자치도 군산시","S130002499","군산진포초등학교","02","공립","N","","1","50","1","0","14000000","2520000"
"전북특별자치도교육청","전북특별자치도익산교육지원청","전북특별자치도 익산시","S130002502","익산옥야초등학교","02","공립","N","","1","40","0","1","6980000","1382000"
"전북특별자치도교육청","전북특별자치도전주교육지원청","전북특별자치도 전주시 덕진구","S130002506","전주만수초등학교","02","공립","N","","1","30","0","0","12119000","6750000"
"전북특별자치도교육청","전북특별자치도전주교육지원청","전북특별자치도 전주시 덕진구","S130002507","전주오송초등학교","02","공립","N","","1","30","0","0","19440000","6670000"
"전북특별자치도교육청","전북특별자치도익산교육지원청","전북특별자치도 익산시","S130002542","익산한벌초등학교","02","공립","N","","1","65","0","0","10800000","4620000"
"전북특별자치도교육청","전북특별자치도정읍교육지원청","전북특별자치도 정읍시","S130002543","한솔초등학교","02","공립","N","","1","15","0","0","16494000","4960000"
"전북특별자치도교육청","전북특별자치도전주교육지원청","전북특별자치도 전주시 완산구","S130002572","전주문학초등학교","02","공립","N","","1","21","0","0","12500000","5370000"
"전북특별자치도교육청","전북특별자치도전주교육지원청","전북특별자치도 전주시 완산구","S130002573","전주우림초등학교","02","공립","N","","1","50","0","0","16390000","5900000"
"전북특별자치도교육청","전북특별자치도군산교육지원청","전북특별자치도 군산시","S130002582","군산미장초등학교","02","공립","N","","1","56","0","0","16500000","4300000"
"전북특별자치도교육청","전북특별자치도군산교육지원청","전북특별자치도 군산시","S130002606","군산푸른솔초등학교","02","공립","N","","1","45","0","0","17968000","3000000"
"전북특별자치도교육청","전북특별자치도군산교육지원청","전북특별자치도 군산시","S130002673","군산아리울초등학교","02","공립","N","","1","50","0","0","13460000","1900000"
"전북특별자치도교육청","전북특별자치도군산교육지원청","전북특별자치도 군산시","S130002690","새만금초등학교","02","공립","N","","1","32","0","0","5500000","1000000"
"전북특별자치도교육청","전북특별자치도전주교육지원청","전북특별자치도 전주시 덕진구","S130002714","전주온빛초등학교","02","공립","N","","1","80","0","0","22000000","8350000"
"전북특별자치도교육청","전북특별자치도전주교육지원청","전북특별자치도 전주시 완산구","S130002725","전주홍산초등학교","02","공립","N","","1","70","0","1","8136000","1940000"
"전북특별자치도교육청","전북특별자치도전주교육지원청","전북특별자치도 전주시 덕진구","S130002732","전주양현초등학교","02","공립","N","","1","85","0","0","24169000","10660000"
"전북특별자치도교육청","전북특별자치도익산교육지원청","전북특별자치도 익산시","S130002735","익산가온초등학교","02","공립","N","","1","30","0","0","17000000","7250000"
"전북특별자치도교육청","전북특별자치도전주교육지원청","전북특별자치도 전주시 완산구","S130002737","전주새연초등학교","02","공립","N","","1","50","0","1","11920000","1600000"
"전북특별자치도교육청","전북특별자치도전주교육지원청","전북특별자치도 전주시 덕진구","S130002738","전주하가초등학교","02","공립","N","","1","72","0","0","17100000","1500000"
"전북특별자치도교육청","전북특별자치도전주교육지원청","전북특별자치도 전주시 완산구","S130002745","전주효천초등학교","02","공립","N","","1","30","0","0","23290000","12916000"
"전북특별자치도교육청","전북특별자치도전주교육지원청","전북특별자치도 전주시 덕진구","S130002748","전주화정초등학교","02","공립","N","","1","72","0","0","27359000","8824000"
"전북특별자치도교육청","전북특별자치도전주교육지원청","전북특별자치도 전주시 덕진구","S130002771","전주자연초등학교","02","공립","N","","1","54","0","0","25535000","10944000"
"전북특별자치도교육청","전북특별자치도군산교육지원청","전북특별자치도 군산시","S130002788","군산금빛초등학교","02","공립","N","","1","96","0","0","20000000","9080000"