"시도교육청","교육지원청","지역","정보공시 학교코드","학교명","학교급코드","설립구분","제외여부","제외사유","연간학생대출자료수","전년도전체학생수","연간학생대출자수","1인당대출자료수"
"전북특별자치도교육청","전북특별자치도군산교육지원청","전북특별자치도 군산시","S000003522","전주교육대학교군산부설초등학교","02","국립","N","","4274","418","2515","10.2"
"전북특별자치도교육청","전북특별자치도전주교육지원청","전북특별자치도 전주시 완산구","S000003525","전주교육대학교전주부설초등학교","02","국립","N","","2116","418","1516","5.1"
"전북특별자치도교육청","전북특별자치도고창교육지원청","전북특별자치도 고창군","S130000480","가평초등학교","02","공립","N","","253","39","125","6.5"
"전북특별자치도교육청","전북특별자치도고창교육지원청","전북특별자치도 고창군","S130000481","고수초등학교","02","공립","N","","214","43","177","5"
"전북특별자치도교육청","전북특별자치도고창교육지원청","전북특별자치도 고창군","S130000482","고창남초등학교","02","공립","N","","4083","261","2693","15.6"
"전북특별자치도교육청","전북특별자치도고창교육지원청","전북특별자치도 고창군","S130000484","고창초등학교","02","공립","N","","12613","910","5586","13.9"
"전북특별자치도교육청","전북특별자치도고창교육지원청","전북특별자치도 고창군","S130000485","공음초등학교","02","공립","N","","382","18","240","21.2"
"전북특별자치도교육청","전북특별자치도고창교육지원청","전북특별자치도 고창군","S130000486","대산초등학교","02","공립","N","","19","16","3","1.2"
"전북특별자치도교육청","전북특별자치도고창교육지원청","전북특별자치도 고창군","S130000487","대아초등학교","02","공립","N","","177","35","31","5.1"
"전북특별자치도교육청","전북특별자치도고창교육지원청","전북특별자치도 고창군","S130000489","동호초등학교","02","공립","N","","80","16","25","5"
"전북특별자치도교육청","전북특별자치도고창교육지원청","전북특별자치도 고창군","S130000490","매산초등학교","02","공립","N","","107","40","80","2.7"
"전북특별자치도교육청","전북특별자치도고창교육지원청","전북특별자치도 고창군","S130000491","무장초등학교","02","공립","N","","1257","53","395","23.7"
"전북특별자치도교육청","전북특별자치도고창교육지원청","전북특별자치도 고창군","S130000492","봉암초등학교","02","공립","N","","140","15","20","9.3"
"전북특별자치도교육청","전북특별자치도고창교육지원청","전북특별자치도 고창군","S130000493","고창부안초등학교","02","공립","N","","147","21","85","7"
"전북특별자치도교육청","전북특별자치도고창교육지원청","전북특별자치도 고창군","S130000495","상하초등학교","02","공립","N","","369","35","126","10.5"
"전북특별자치도교육청","전북특별자치도고창교육지원청","전북특별자치도 고창군","S130000498","선동초등학교","02","공립","N","","212","11","144","19.3"
"전북특별자치도교육청","전북특별자치도고창교육지원청","전북특별자치도 고창군","S130000500","성내초등학교","02","공립","N","","581","20","215","29.1"
"전북특별자치도교육청","전북특별자치도고창교육지원청","전북특별자치도 고창군","S130000501","성송초등학교","02","공립","N","","115","23","34","5"
"전북특별자치도교육청","전북특별자치도고창교육지원청","전북특별자치도 고창군","S130000502","신림초등학교","02","공립","N","","94","25","80","3.8"
"전북특별자치도교육청","전북특별자치도고창교육지원청","전북특별자치도 고창군","S130000504","심원초등학교","02","공립","N","","175","52","123","3.4"
"전북특별자치도교육청","전북특별자치도고창교육지원청","전북특별자치도 고창군","S130000505","아산초등학교","02","공립","N","","1569","26","716","60.3"
"전북특별자치도교육청","전북특별자치도고창교육지원청","전북특별자치도 고창군","S130000510","해리초등학교","02","공립","N","","0","26","0","0"
"전북특별자치도교육청","전북특별자치도고창교육지원청","전북특별자치도 고창군","S130000512","흥덕초등학교","02","공립","N","","5236","59","1791","88.7"
"전북특별자치도교육청","전북특별자치도군산교육지원청","전북특별자치도 군산시","S130000570","개야도초등학교","02","공립","N","","15","2","11","7.5"
"전북특별자치도교육청","전북특별자치도군산교육지원청","전북특별자치도 군산시","S130000571","개정초등학교","02","공립","N","","4771","86","2458","55.5"
"전북특별자치도교육청","전북특별자치도군산교육지원청","전북특별자치도 군산시","S130000574","군산경포초등학교","02","공립","N","","2363","424","1759","5.6"
"전북특별자치도교육청","전북특별자치도군산교육지원청","전북특별자치도 군산시","S130000575","군산구암초등학교","02","공립","N","","4250","333","2997","12.8"
"전북특별자치도교육청","전북특별자치도군산교육지원청","전북특별자치도 군산시","S130000576","군산금광초등학교","02","공립","N","","169","93","128","1.8"
"전북특별자치도교육청","전북특별자치도군산교육지원청","전북특별자치도 군산시","S130000577","군산나운초등학교","02","공립","N","","1717","257","1588","6.7"
"전북특별자치도교육청","전북특별자치도군산교육지원청","전북특별자치도 군산시","S130000578","군산남초등학교","02","공립","N","","200","104","30","1.9"
"전북특별자치도교육청","전북특별자치도군산교육지원청","전북특별자치도 군산시","S130000579","군산내흥초등학교","02","공립","N","","0","51","0","0"
"전북특별자치도교육청","전북특별자치도군산교육지원청","전북특별자치도 군산시","S130000580","군산동초등학교","02","공립","N","","5729","559","5351","10.2"
"전북특별자치도교육청","전북특별자치도군산교육지원청","전북특별자치도 군산시","S130000581","군산문화초등학교","02","공립","N","","563","190","146","3"
"전북특별자치도교육청","전북특별자치도군산교육지원청","전북특별자치도 군산시","S130000582","군산산북초등학교","02","공립","N","","1816","426","1177","4.3"
"전북특별자치도교육청","전북특별자치도군산교육지원청","전북특별자치도 군산시","S130000583","군산서초등학교","02","공립","N","","283","110","195","2.6"
"전북특별자치도교육청","전북특별자치도군산교육지원청","전북특별자치도 군산시","S130000584","군산서해초등학교","02","공립","N","","13775","753","9710","18.3"
"전북특별자치도교육청","전북특별자치도군산교육지원청","전북특별자치도 군산시","S130000585","소룡초등학교","02","공립","N","","1763","511","721","3.5"
"전북특별자치도교육청","전북특별자치도군산교육지원청","전북특별자치도 군산시","S130000586","군산수송초등학교","02","공립","N","","2650","393","1497","6.7"
"전북특별자치도교육청","전북특별자치도군산교육지원청","전북특별자치도 군산시","S130000587","군산신흥초등학교","02","공립","N","","5221","450","4081","11.6"
"전북특별자치도교육청","전북특별자치도군산교육지원청","전북특별자치도 군산시","S130000588","군산용문초등학교","02","공립","N","","2134","668","1650","3.2"
"전북특별자치도교육청","전북특별자치도군산교육지원청","전북특별자치도 군산시","S130000589","군산월명초등학교","02","공립","N","","6734","705","4528","9.6"
"전북특별자치도교육청","전북특별자치도군산교육지원청","전북특별자치도 군산시","S130000590","군산중앙초등학교","02","공립","N","","1253","227","508","5.5"
"전북특별자치도교육청","전북특별자치도군산교육지원청","전북특별자치도 군산시","S130000591","군산지곡초등학교","02","공립","N","","3153","282","2012","11.2"
"전북특별자치도교육청","전북특별자치도군산교육지원청","전북특별자치도 군산시","S130000592","군산초등학교","02","공립","N","","5009","837","3650","6"
"전북특별자치도교육청","전북특별자치도군산교육지원청","전북특별자치도 군산시","S130000593","군산풍문초등학교","02","공립","N","","2699","280","2030","9.6"
"전북특별자치도교육청","전북특별자치도군산교육지원청","전북특별자치도 군산시","S130000594","해성초등학교","02","공립","N","","374","34","366","11"
"전북특별자치도교육청","전북특별자치도군산교육지원청","전북특별자치도 군산시","S130000595","군산흥남초등학교","02","공립","N","","1240","203","889","6.1"
"전북특별자치도교육청","전북특별자치도군산교육지원청","전북특별자치도 군산시","S130000596","금암초등학교","02","공립","N","","553","14","275","39.5"
"전북특별자치도교육청","전북특별자치도군산교육지원청","전북특별자치도 군산시","S130000598","나포초등학교","02","공립","N","","678","30","590","22.6"
"전북특별자치도교육청","전북특별자치도군산교육지원청","전북특별자치도 군산시","S130000599","당북초등학교","02","공립","N","","6592","379","3520","17.4"
"전북특별자치도교육청","전북특별자치도군산교육지원청","전북특별자치도 군산시","S130000600","대야남초등학교","02","공립","N","","0","35","0","0"
"전북특별자치도교육청","전북특별자치도군산교육지원청","전북특별자치도 군산시","S130000601","대야초등학교","02","공립","N","","2800","115","930","24.3"
"전북특별자치도교육청","전북특별자치도군산교육지원청","전북특별자치도 군산시","S130000603","마룡초등학교","02","공립","N","","80","13","50","6.2"
"전북특별자치도교육청","전북특별자치도군산교육지원청","전북특별자치도 군산시","S130000604","무녀도초등학교","02","공립","N","","88","10","42","8.8"
"전북특별자치도교육청","전북특별자치도군산교육지원청","전북특별자치도 군산시","S130000605","문창초등학교","02","공립","N","","716","56","485","12.8"
"전북특별자치도교육청","전북특별자치도군산교육지원청","전북특별자치도 군산시","S130000606","미룡초등학교","02","공립","N","","3791","86","2255","44.1"
"전북특별자치도교육청","전북특별자치도군산교육지원청","전북특별자치도 군산시","S130000607","발산초등학교","02","공립","N","","2212","25","622","88.5"
"전북특별자치도교육청","전북특별자치도군산교육지원청","전북특별자치도 군산시","S130000610","서수초등학교","02","공립","N","","210","18","120","11.7"
"전북특별자치도교육청","전북특별자치도군산교육지원청","전북특별자치도 군산시","S130000613","성산초등학교","02","공립","N","","1035","60","207","17.3"
"전북특별자치도교육청","전북특별자치도군산교육지원청","전북특별자치도 군산시","S130000615","술산초등학교","02","공립","N","","107","15","16","7.1"
"전북특별자치도교육청","전북특별자치도군산교육지원청","전북특별자치도 군산시","S130000616","신시도초등학교","02","공립","N","","326","4","225","81.5"
"전북특별자치도교육청","전북특별자치도군산교육지원청","전북특별자치도 군산시","S130000618","군산신풍초등학교","02","공립","N","","1214","233","906","5.2"
"전북특별자치도교육청","전북특별자치도군산교육지원청","전북특별자치도 군산시","S130000621","오봉초등학교","02","공립","N","","0","40","0","0"
"전북특별자치도교육청","전북특별자치도군산교육지원청","전북특별자치도 군산시","S130000622","옥구초등학교","02","공립","N","","659","103","485","6.4"
"전북특별자치도교육청","전북특별자치도군산교육지원청","전북특별자치도 군산시","S130000623","옥봉초등학교","02","공립","N","","2012","59","1488","34.1"
"전북특별자치도교육청","전북특별자치도군산교육지원청","전북특별자치도 군산시","S130000624","옥산초등학교","02","공립","N","","1476","50","1085","29.5"
"전북특별자치도교육청","전북특별자치도군산교육지원청","전북특별자치도 군산시","S130000626","임피초등학교","02","공립","N","","1983","69","624","28.7"
"전북특별자치도교육청","전북특별자치도군산교육지원청","전북특별자치도 군산시","S130000627","창오초등학교","02","공립","N","","1","28","1","0"
"전북특별자치도교육청","전북특별자치도군산교육지원청","전북특별자치도 군산시","S130000629","회현초등학교","02","공립","N","","4511","168","4116","26.9"
"전북특별자치도교육청","전북특별자치도김제교육지원청","전북특별자치도 김제시","S130000700","공덕초등학교","02","공립","N","","38","28","29","1.4"
"전북특별자치도교육청","전북특별자치도김제교육지원청","전북특별자치도 김제시","S130000701","광활초등학교","02","공립","N","","150","18","19","8.3"
"전북특별자치도교육청","전북특별자치도김제교육지원청","전북특별자치도 김제시","S130000702","금구초등학교","02","공립","N","","2126","93","596","22.9"
"전북특별자치도교육청","전북특별자치도김제교육지원청","전북특별자치도 김제시","S130000704","금산초등학교","02","공립","N","","280","12","120","23.3"
"전북특별자치도교육청","전북특별자치도김제교육지원청","전북특별자치도 김제시","S130000705","김제검산초등학교","02","공립","N","","2898","747","676","3.9"
"전북특별자치도교육청","전북특별자치도김제교육지원청","전북특별자치도 김제시","S130000706","김제동초등학교","02","공립","N","","14498","486","10137","29.8"
"전북특별자치도교육청","전북특별자치도김제교육지원청","전북특별자치도 김제시","S130000707","김제북초등학교","02","공립","N","","320","69","231","4.6"
"전북특별자치도교육청","전북특별자치도김제교육지원청","전북특별자치도 김제시","S130000708","김제중앙초등학교","02","공립","N","","8271","365","6148","22.7"
"전북특별자치도교육청","전북특별자치도김제교육지원청","전북특별자치도 김제시","S130000710","김제초등학교","02","공립","N","","102","263","87","0.4"
"전북특별자치도교육청","전북특별자치도김제교육지원청","전북특별자치도 김제시","S130000711","난산초등학교","02","공립","N","","847","42","525","20.2"
"전북특별자치도교육청","전북특별자치도김제교육지원청","전북특별자치도 김제시","S130000712","남양초등학교","02","공립","N","","321","29","240","11.1"
"전북특별자치도교육청","전북특별자치도김제교육지원청","전북특별자치도 김제시","S130000713","만경초등학교","02","공립","N","","364","50","257","7.3"
"전북특별자치도교육청","전북특별자치도김제교육지원청","전북특별자치도 김제시","S130000715","백구초등학교","02","공립","N","","456","20","206","22.8"
"전북특별자치도교육청","전북특별자치도김제교육지원청","전북특별자치도 김제시","S130000716","백석초등학교","02","공립","N","","2285","93","1361","24.6"
"전북특별자치도교육청","전북특별자치도김제교육지원청","전북특별자치도 김제시","S130000717","벽량초등학교","02","공립","N","","285","23","35","12.4"
"전북특별자치도교육청","전북특별자치도김제교육지원청","전북특별자치도 김제시","S130000719","봉남초등학교","02","공립","N","","332","41","88","8.1"
"전북특별자치도교육청","전북특별자치도김제교육지원청","전북특별자치도 김제시","S130000720","부용초등학교","02","공립","N","","377","22","172","17.1"
"전북특별자치도교육청","전북특별자치도김제교육지원청","전북특별자치도 김제시","S130000721","비룡초등학교","02","공립","N","","403","16","245","25.2"
"전북특별자치도교육청","전북특별자치도김제교육지원청","전북특별자치도 김제시","S130000722","성덕초등학교","02","공립","N","","315","18","258","17.5"
"전북특별자치도교육청","전북특별자치도김제교육지원청","전북특별자치도 김제시","S130000726","심창초등학교","02","공립","N","","0","10","0","0"
"전북특별자치도교육청","전북특별자치도김제교육지원청","전북특별자치도 김제시","S130000727","용동초등학교","02","공립","N","","975","34","599","28.7"
"전북특별자치도교육청","전북특별자치도김제교육지원청","전북특별자치도 김제시","S130000729","용지초등학교","02","공립","N","","698","38","329","18.4"
"전북특별자치도교육청","전북특별자치도김제교육지원청","전북특별자치도 김제시","S130000730","원평초등학교","02","공립","N","","2412","82","1235","29.4"
"전북특별자치도교육청","전북특별자치도김제교육지원청","전북특별자치도 김제시","S130000732","월성초등학교","02","공립","N","","225","21","27","10.7"
"전북특별자치도교육청","전북특별자치도김제교육지원청","전북특별자치도 김제시","S130000733","월촌초등학교","02","공립","N","","0","76","0","0"
"전북특별자치도교육청","전북특별자치도김제교육지원청","전북특별자치도 김제시","S130000734","종정초등학교","02","공립","N","","473","57","375","8.3"
"전북특별자치도교육청","전북특별자치도김제교육지원청","전북특별자치도 김제시","S130000736","죽산초등학교","02","공립","N","","358","37","299","9.7"
"전북특별자치도교육청","전북특별자치도김제교육지원청","전북특별자치도 김제시","S130000737","진봉초등학교","02","공립","N","","71","10","41","7.1"
"전북특별자치도교육청","전북특별자치도김제교육지원청","전북특별자치도 김제시","S130000738","청운초등학교","02","공립","N","","73","58","47","1.3"
"전북특별자치도교육청","전북특별자치도김제교육지원청","전북특별자치도 김제시","S130000740","청하초등학교","02","공립","N","","1100","22","124","50"
"전북특별자치도교육청","전북특별자치도김제교육지원청","전북특별자치도 김제시","S130000741","초처초등학교","02","공립","N","","80","24","21","3.3"
"전북특별자치도교육청","전북특별자치도김제교육지원청","전북특별자치도 김제시","S130000742","치문초등학교","02","공립","N","","242","22","22","11"
"전북특별자치도교육청","전북특별자치도김제교육지원청","전북특별자치도 김제시","S130000743","황강초등학교","02","공립","N","","177","10","72","17.7"
"전북특별자치도교육청","전북특별자치도김제교육지원청","전북특별자치도 김제시","S130000744","황산초등학교","02","공립","N","","488","29","216","16.8"
"전북특별자치도교육청","전북특별자치도남원교육지원청","전북특별자치도 남원시","S130000805","남원교룡초등학교","02","공립","N","","850","192","460","4.4"
"전북특별자치도교육청","전북특별자치도남원교육지원청","전북특별자치도 남원시","S130000806","금지동초등학교","02","공립","N","","58","19","17","3.1"
"전북특별자치도교육청","전북특별자치도남원교육지원청","전북특별자치도 남원시","S130000807","금지초등학교","02","공립","N","","438","15","17","29.2"
"전북특별자치도교육청","전북특별자치도남원교육지원청","전북특별자치도 남원시","S130000809","남원노암초등학교","02","공립","N","","1141","227","929","5"
"전북특별자치도교육청","전북특별자치도남원교육지원청","전북특별자치도 남원시","S130000810","남원도통초등학교","02","공립","N","","7611","408","4457","18.7"
"전북특별자치도교육청","전북특별자치도남원교육지원청","전북특별자치도 남원시","S130000813","산내초등학교","02","공립","N","","0","73","0","0"
"전북특별자치도교육청","전북특별자치도남원교육지원청","전북특별자치도 남원시","S130000814","남원서원초등학교","02","공립","N","","12","49","2","0.2"
"전북특별자치도교육청","전북특별자치도남원교육지원청","전북특별자치도 남원시","S130000817","남원왕치초등학교","02","공립","N","","858","54","50","15.9"
"전북특별자치도교육청","전북특별자치도남원교육지원청","전북특별자치도 남원시","S130000818","남원월락초등학교","02","공립","N","","20081","597","10546","33.6"
"전북특별자치도교육청","전북특별자치도남원교육지원청","전북특별자치도 남원시","S130000819","남원중앙초등학교","02","공립","N","","4153","275","2364","15.1"
"전북특별자치도교육청","전북특별자치도남원교육지원청","전북특별자치도 남원시","S130000820","남원초등학교","02","공립","N","","8724","431","8585","20.2"
"전북특별자치도교육청","전북특별자치도남원교육지원청","전북특별자치도 남원시","S130000822","대강초등학교","02","공립","N","","430","25","128","17.2"
"전북특별자치도교육청","전북특별자치도남원교육지원청","전북특별자치도 남원시","S130000823","남원대산초등학교","02","공립","N","","7","40","7","0.2"
"전북특별자치도교육청","전북특별자치도남원교육지원청","전북특별자치도 남원시","S130000824","덕과초등학교","02","공립","N","","204","28","150","7.3"
"전북특별자치도교육청","전북특별자치도남원교육지원청","전북특별자치도 남원시","S130000827","보절초등학교","02","공립","N","","342","21","238","16.3"
"전북특별자치도교육청","전북특별자치도남원교육지원청","전북특별자치도 남원시","S130000829","사매초등학교","02","공립","N","","0","31","0","0"
"전북특별자치도교육청","전북특별자치도남원교육지원청","전북특별자치도 남원시","S130000830","산동초등학교","02","공립","N","","55","29","29","1.9"
"전북특별자치도교육청","전북특별자치도남원교육지원청","전북특별자치도 남원시","S130000831","송동초등학교","02","공립","N","","79","27","25","2.9"
"전북특별자치도교육청","전북특별자치도남원교육지원청","전북특별자치도 남원시","S130000832","수지초등학교","02","공립","N","","150","29","29","5.2"
"전북특별자치도교육청","전북특별자치도남원교육지원청","전북특별자치도 남원시","S130000833","아영초등학교","02","공립","N","","302","51","135","5.9"
"전북특별자치도교육청","전북특별자치도남원교육지원청","전북특별자치도 남원시","S130000834","오동초등학교","02","공립","N","","0","63","0","0"
"전북특별자치도교육청","전북특별자치도남원교육지원청","전북특별자치도 남원시","S130000835","남원용성초등학교","02","공립","N","","669","184","190","3.6"
"전북특별자치도교육청","전북특별자치도남원교육지원청","전북특별자치도 남원시","S130000837","운봉초등학교","02","공립","N","","0","102","0","0"
"전북특별자치도교육청","전북특별자치도남원교육지원청","전북특별자치도 남원시","S130000840","원천초등학교","02","공립","N","","236","41","159","5.8"
"전북특별자치도교육청","전북특별자치도남원교육지원청","전북특별자치도 남원시","S130000841","이백초등학교","02","공립","N","","377","27","96","14"
"전북특별자치도교육청","전북특별자치도남원교육지원청","전북특별자치도 남원시","S130000842","인월초등학교","02","공립","N","","262","73","168","3.6"
"전북특별자치도교육청","전북특별자치도남원교육지원청","전북특별자치도 남원시","S130000845","주생초등학교","02","공립","N","","0","53","0","0"
"전북특별자치도교육청","전북특별자치도무주교육지원청","전북특별자치도 무주군","S130000893","괴목초등학교","02","공립","N","","513","44","480","11.7"
"전북특별자치도교육청","전북특별자치도무주교육지원청","전북특별자치도 무주군","S130000894","구천초등학교","02","공립","N","","131","51","51","2.6"
"전북특별자치도교육청","전북특별자치도무주교육지원청","전북특별자치도 무주군","S130000897","무주중앙초등학교","02","공립","N","","6414","317","3867","20.2"
"전북특별자치도교육청","전북특별자치도무주교육지원청","전북특별자치도 무주군","S130000898","무주초등학교","02","공립","N","","1120","185","172","6.1"
"전북특별자치도교육청","전북특별자치도무주교육지원청","전북특별자치도 무주군","S130000899","무풍초등학교","02","공립","N","","52","23","23","2.3"
"전북특별자치도교육청","전북특별자치도무주교육지원청","전북특별자치도 무주군","S130000900","부남초등학교","02","공립","N","","450","11","280","40.9"
"전북특별자치도교육청","전북특별자치도무주교육지원청","전북특별자치도 무주군","S130000901","부당초등학교","02","공립","N","","100","3","50","33.3"
"전북특별자치도교육청","전북특별자치도무주교육지원청","전북특별자치도 무주군","S130000903","설천초등학교","02","공립","N","","3112","74","2355","42.1"
"전북특별자치도교육청","전북특별자치도무주교육지원청","전북특별자치도 무주군","S130000904","안성초등학교","02","공립","N","","831","78","462","10.7"
"전북특별자치도교육청","전북특별자치도무주교육지원청","전북특별자치도 무주군","S130000905","적상초등학교","02","공립","N","","753","21","632","35.9"
"전북특별자치도교육청","전북특별자치도부안교육지원청","전북특별자치도 부안군","S130000934","격포초등학교","02","공립","N","","115","76","96","1.5"
"전북특별자치도교육청","전북특별자치도부안교육지원청","전북특별자치도 부안군","S130000937","곰소초등학교","02","공립","N","","58","42","47","1.4"
"전북특별자치도교육청","전북특별자치도부안교육지원청","전북특별자치도 부안군","S130000941","동북초등학교","02","공립","N","","930","12","372","77.5"
"전북특별자치도교육청","전북특별자치도부안교육지원청","전북특별자치도 부안군","S130000944","동진초등학교","02","공립","N","","400","21","200","19"
"전북특별자치도교육청","전북특별자치도부안교육지원청","전북특별자치도 부안군","S130000947","백룡초등학교","02","공립","N","","70","13","13","5.4"
"전북특별자치도교육청","전북특별자치도부안교육지원청","전북특별자치도 부안군","S130000948","백산초등학교","02","공립","N","","634","48","192","13.2"
"전북특별자치도교육청","전북특별자치도부안교육지원청","전북특별자치도 부안군","S130000949","변산초등학교","02","공립","N","","512","45","377","11.4"
"전북특별자치도교육청","전북특별자치도부안교육지원청","전북특별자치도 부안군","S130000952","부안남초등학교","02","공립","N","","1021","61","267","16.7"
"전북특별자치도교육청","전북특별자치도부안교육지원청","전북특별자치도 부안군","S130000953","부안동초등학교","02","공립","N","","10841","760","5690","14.3"
"전북특별자치도교육청","전북특별자치도부안교육지원청","전북특별자치도 부안군","S130000954","부안초등학교","02","공립","N","","4745","265","3032","17.9"
"전북특별자치도교육청","전북특별자치도부안교육지원청","전북특별자치도 부안군","S130000955","상서초등학교","02","공립","N","","150","12","100","12.5"
"전북특별자치도교육청","전북특별자치도부안교육지원청","전북특별자치도 부안군","S130000956","영전초등학교","02","공립","N","","37","17","14","2.2"
"전북특별자치도교육청","전북특별자치도부안교육지원청","전북특별자치도 부안군","S130000957","우덕초등학교","02","공립","N","","684","26","268","26.3"
"전북특별자치도교육청","전북특별자치도부안교육지원청","전북특별자치도 부안군","S130000959","위도초등학교","02","공립","N","","210","19","200","11.1"
"전북특별자치도교육청","전북특별자치도부안교육지원청","전북특별자치도 부안군","S130000964","주산초등학교","02","공립","N","","48","15","45","3.2"
"전북특별자치도교육청","전북특별자치도부안교육지원청","전북특별자치도 부안군","S130000966","줄포초등학교","02","공립","N","","150","48","120","3.1"
"전북특별자치도교육청","전북특별자치도부안교육지원청","전북특별자치도 부안군","S130000967","창북초등학교","02","공립","N","","2200","46","440","47.8"
"전북특별자치도교육청","전북특별자치도부안교육지원청","전북특별자치도 부안군","S130000968","하서초등학교","02","공립","N","","1240","25","310","49.6"
"전북특별자치도교육청","전북특별자치도부안교육지원청","전북특별자치도 부안군","S130000969","행안초등학교","02","공립","N","","0","97","0","0"
"전북특별자치도교육청","전북특별자치도순창교육지원청","전북특별자치도 순창군","S130001009","구림초등학교","02","공립","N","","325","18","325","18.1"
"전북특별자치도교육청","전북특별자치도순창교육지원청","전북특별자치도 순창군","S130001010","금과초등학교","02","공립","N","","188","11","93","17.1"
"전북특별자치도교육청","전북특별자치도순창교육지원청","전북특별자치도 순창군","S130001013","동계초등학교","02","공립","N","","572","28","28","20.4"
"전북특별자치도교육청","전북특별자치도순창교육지원청","전북특별자치도 순창군","S130001014","동산초등학교","02","공립","N","","502","33","502","15.2"
"전북특별자치도교육청","전북특별자치도순창교육지원청","전북특별자치도 순창군","S130001015","복흥초등학교","02","공립","N","","135","27","27","5"
"전북특별자치도교육청","전북특별자치도순창교육지원청","전북특별자치도 순창군","S130001017","순창중앙초등학교","02","공립","N","","2844","226","1945","12.6"
"전북특별자치도교육청","전북특별자치도순창교육지원청","전북특별자치도 순창군","S130001018","순창초등학교","02","공립","N","","3461","310","2168","11.2"
"전북특별자치도교육청","전북특별자치도순창교육지원청","전북특별자치도 순창군","S130001019","시산초등학교","02","공립","N","","10","24","2","0.4"
"전북특별자치도교육청","전북특별자치도순창교육지원청","전북특별자치도 순창군","S130001020","쌍치초등학교","02","공립","N","","500","20","40","25"
"전북특별자치도교육청","전북특별자치도순창교육지원청","전북특별자치도 순창군","S130001022","옥천초등학교","02","공립","N","","11","38","11","0.3"
"전북특별자치도교육청","전북특별자치도순창교육지원청","전북특별자치도 순창군","S130001024","유등초등학교","02","공립","N","","6000","24","2000","250"
"전북특별자치도교육청","전북특별자치도순창교육지원청","전북특별자치도 순창군","S130001025","인계초등학교","02","공립","N","","3112","24","205","129.7"
"전북특별자치도교육청","전북특별자치도순창교육지원청","전북특별자치도 순창군","S130001026","적성초등학교","02","공립","N","","250","16","11","15.6"
"전북특별자치도교육청","전북특별자치도순창교육지원청","전북특별자치도 순창군","S130001027","팔덕초등학교","02","공립","N","","97","35","71","2.8"
"전북특별자치도교육청","전북특별자치도순창교육지원청","전북특별자치도 순창군","S130001028","풍산초등학교","02","공립","N","","87","18","17","4.8"
"전북특별자치도교육청","전북특별자치도완주교육지원청","전북특별자치도 완주군","S130001058","가천초등학교","02","공립","N","","546","26","546","21"
"전북특별자치도교육청","전북특별자치도완주교육지원청","전북특별자치도 완주군","S130001059","간중초등학교","02","공립","N","","716","48","191","14.9"
"전북특별자치도교육청","전북특별자치도완주교육지원청","전북특별자치도 완주군","S130001061","삼우초등학교","02","공립","N","","1230","73","486","16.8"
"전북특별자치도교육청","전북특별자치도완주교육지원청","전북특별자치도 완주군","S130001062","고산초등학교","02","공립","N","","2155","125","1340","17.2"
"전북특별자치도교육청","전북특별자치도완주교육지원청","전북특별자치도 완주군","S130001064","구이초등학교","02","공립","N","","1301","65","815","20"
"전북특별자치도교육청","전북특별자치도완주교육지원청","전북특별자치도 완주군","S130001065","남관초등학교","02","공립","N","","569","21","200","27.1"
"전북특별자치도교육청","전북특별자치도완주교육지원청","전북특별자치도 완주군","S130001066","대덕초등학교","02","공립","N","","622","56","608","11.1"
"전북특별자치도교육청","전북특별자치도완주교육지원청","전북특별자치도 완주군","S130001067","동상초등학교","02","공립","N","","72","21","52","3.4"
"전북특별자치도교육청","전북특별자치도완주교육지원청","전북특별자치도 완주군","S130001068","동양초등학교","02","공립","N","","218","26","26","8.4"
"전북특별자치도교육청","전북특별자치도완주교육지원청","전북특별자치도 완주군","S130001069","봉동초등학교","02","공립","N","","20702","521","12273","39.7"
"전북특별자치도교육청","전북특별자치도완주교육지원청","전북특별자치도 완주군","S130001070","봉동초등학교양화분교장","02","공립","N","","200","36","30","5.6"
"전북특별자치도교육청","전북특별자치도완주교육지원청","전북특별자치도 완주군","S130001071","봉서초등학교","02","공립","N","","14019","1036","7601","13.5"
"전북특별자치도교육청","전북특별자치도완주교육지원청","전북특별자치도 완주군","S130001072","봉성초등학교","02","공립","N","","715","81","60","8.8"
"전북특별자치도교육청","전북특별자치도완주교육지원청","전북특별자치도 완주군","S130001073","비봉초등학교","02","공립","N","","780","73","242","10.7"
"전북특별자치도교육청","전북특별자치도완주교육지원청","전북특별자치도 완주군","S130001075","삼례동초등학교","02","공립","N","","0","121","0","0"
"전북특별자치도교육청","전북특별자치도완주교육지원청","전북특별자치도 완주군","S130001076","삼례중앙초등학교","02","공립","N","","1910","190","1208","10.1"
"전북특별자치도교육청","전북특별자치도완주교육지원청","전북특별자치도 완주군","S130001077","삼례초등학교","02","공립","N","","12700","235","6300","54"
"전북특별자치도교육청","전북특별자치도완주교육지원청","전북특별자치도 완주군","S130001078","상관초등학교","02","공립","N","","3258","157","1843","20.8"
"전북특별자치도교육청","전북특별자치도완주교육지원청","전북특별자치도 완주군","S130001079","소양서초등학교","02","공립","N","","1110","59","621","18.8"
"전북특별자치도교육청","전북특별자치도완주교육지원청","전북특별자치도 완주군","S130001080","소양초등학교","02","공립","N","","222","64","57","3.5"
"전북특별자치도교육청","전북특별자치도완주교육지원청","전북특별자치도 완주군","S130001081","송광초등학교","02","공립","N","","538","34","346","15.8"
"전북특별자치도교육청","전북특별자치도완주교육지원청","전북특별자치도 완주군","S130001082","용봉초등학교","02","공립","N","","1261","145","488","8.7"
"전북특별자치도교육청","전북특별자치도완주교육지원청","전북특별자치도 완주군","S130001083","용진초등학교","02","공립","N","","460","65","220","7.1"
"전북특별자치도교육청","전북특별자치도완주교육지원청","전북특별자치도 완주군","S130001084","운주초등학교","02","공립","N","","100","24","6","4.2"
"전북특별자치도교육청","전북특별자치도완주교육지원청","전북특별자치도 완주군","S130001086","이서초등학교","02","공립","N","","8834","424","5960","20.8"
"전북특별자치도교육청","전북특별자치도완주교육지원청","전북특별자치도 완주군","S130001087","이성초등학교","02","공립","N","","1551","41","1059","37.8"
"전북특별자치도교육청","전북특별자치도완주교육지원청","전북특별자치도 완주군","S130001088","청명초등학교","02","공립","N","","443","37","36","12"
"전북특별자치도교육청","전북특별자치도완주교육지원청","전북특별자치도 완주군","S130001089","청완초등학교","02","공립","N","","4913","420","3258","11.7"
"전북특별자치도교육청","전북특별자치도완주교육지원청","전북특별자치도 완주군","S130001090","태봉초등학교","02","공립","N","","539","44","158","12.3"
"전북특별자치도교육청","전북특별자치도완주교육지원청","전북특별자치도 완주군","S130001091","화산초등학교","02","공립","N","","1250","56","350","22.3"
"전북특별자치도교육청","전북특별자치도익산교육지원청","전북특별자치도 익산시","S130001151","금마초등학교","02","공립","N","","1388","167","1015","8.3"
"전북특별자치도교육청","전북특별자치도익산교육지원청","전북특별자치도 익산시","S130001153","낭산초등학교","02","공립","N","","1552","27","826","57.5"
"전북특별자치도교육청","전북특별자치도익산교육지원청","전북특별자치도 익산시","S130001154","다송초등학교","02","공립","N","","936","21","18","44.6"
"전북특별자치도교육청","전북특별자치도익산교육지원청","전북특별자치도 익산시","S130001155","망성초등학교","02","공립","N","","53","22","29","2.4"
"전북특별자치도교육청","전북특별자치도익산교육지원청","전북특별자치도 익산시","S130001156","미륵초등학교","02","공립","N","","577","27","114","21.4"
"전북특별자치도교육청","전북특별자치도익산교육지원청","전북특별자치도 익산시","S130001157","삼기초등학교","02","공립","N","","36","16","14","2.3"
"전북특별자치도교육청","전북특별자치도익산교육지원청","전북특별자치도 익산시","S130001158","석불초등학교","02","공립","N","","109","13","72","8.4"
"전북특별자치도교육청","전북특별자치도익산교육지원청","전북특별자치도 익산시","S130001160","성당초등학교","02","공립","N","","587","42","335","14"
"전북특별자치도교육청","전북특별자치도익산교육지원청","전북특별자치도 익산시","S130001162","성북초등학교","02","공립","N","","103","31","56","3.3"
"전북특별자치도교육청","전북특별자치도익산교육지원청","전북특별자치도 익산시","S130001166","여산초등학교","02","공립","N","","1500","92","300","16.3"
"전북특별자치도교육청","전북특별자치도익산교육지원청","전북특별자치도 익산시","S130001167","영만초등학교","02","공립","N","","712","489","102","1.5"
"전북특별자치도교육청","전북특별자치도익산교육지원청","전북특별자치도 익산시","S130001168","오산남초등학교","02","공립","N","","546","87","182","6.3"
"전북특별자치도교육청","전북특별자치도익산교육지원청","전북특별자치도 익산시","S130001169","오산초등학교","02","공립","N","","2049","77","1167","26.6"
"전북특별자치도교육청","전북특별자치도익산교육지원청","전북특별자치도 익산시","S130001170","왕궁남초등학교","02","공립","N","","418","14","18","29.9"
"전북특별자치도교육청","전북특별자치도익산교육지원청","전북특별자치도 익산시","S130001171","왕궁초등학교","02","공립","N","","19","40","8","0.5"
"전북특별자치도교육청","전북특별자치도익산교육지원청","전북특별자치도 익산시","S130001172","왕북초등학교","02","공립","N","","103","39","32","2.6"
"전북특별자치도교육청","전북특별자치도익산교육지원청","전북특별자치도 익산시","S130001173","용남초등학교","02","공립","N","","345","19","103","18.2"
"전북특별자치도교육청","전북특별자치도익산교육지원청","전북특별자치도 익산시","S130001174","용북초등학교","02","공립","N","","612","15","510","40.8"
"전북특별자치도교육청","전북특별자치도익산교육지원청","전북특별자치도 익산시","S130001175","용산초등학교","02","공립","N","","232","57","58","4.1"
"전북특별자치도교육청","전북특별자치도익산교육지원청","전북특별자치도 익산시","S130001176","용성초등학교","02","공립","N","","2180","16","1090","136.3"
"전북특별자치도교육청","전북특별자치도익산교육지원청","전북특별자치도 익산시","S130001177","용안초등학교","02","공립","N","","120","24","24","5"
"전북특별자치도교육청","전북특별자치도익산교육지원청","전북특별자치도 익산시","S130001179","웅포초등학교","02","공립","N","","1199","25","323","48"
"전북특별자치도교육청","전북특별자치도익산교육지원청","전북특별자치도 익산시","S130001180","이리계문초등학교","02","공립","N","","308","72","223","4.3"
"전북특별자치도교육청","전북특별자치도익산교육지원청","전북특별자치도 익산시","S130001181","이리고현초등학교","02","공립","N","","1423","305","1318","4.7"
"전북특별자치도교육청","전북특별자치도익산교육지원청","전북특별자치도 익산시","S130001182","이리남창초등학교","02","공립","N","","0","64","0","0"
"전북특별자치도교육청","전북특별자치도익산교육지원청","전북특별자치도 익산시","S130001183","이리남초등학교","02","공립","N","","2687","58","2370","46.3"
"전북특별자치도교육청","전북특별자치도익산교육지원청","전북특별자치도 익산시","S130001184","이리동남초등학교","02","공립","N","","2581","303","1736","8.5"
"전북특별자치도교육청","전북특별자치도익산교육지원청","전북특별자치도 익산시","S130001185","이리동북초등학교","02","공립","N","","1669","262","1170","6.4"
"전북특별자치도교육청","전북특별자치도익산교육지원청","전북특별자치도 익산시","S130001186","이리동산초등학교","02","공립","N","","17765","608","11056","29.2"
"전북특별자치도교육청","전북특별자치도익산교육지원청","전북특별자치도 익산시","S130001187","이리동초등학교","02","공립","N","","334","435","232","0.8"
"전북특별자치도교육청","전북특별자치도익산교육지원청","전북특별자치도 익산시","S130001188","이리마한초등학교","02","공립","N","","1334","371","1203","3.6"
"전북특별자치도교육청","전북특별자치도익산교육지원청","전북특별자치도 익산시","S130001189","이리모현초등학교","02","공립","N","","23710","881","13682","26.9"
"전북특별자치도교육청","전북특별자치도익산교육지원청","전북특별자치도 익산시","S130001190","이리백제초등학교","02","공립","N","","16503","564","10587","29.3"
"전북특별자치도교육청","전북특별자치도익산교육지원청","전북특별자치도 익산시","S130001191","이리부송초등학교","02","공립","N","","6548","384","400","17.1"
"전북특별자치도교육청","전북특별자치도익산교육지원청","전북특별자치도 익산시","S130001192","이리부천초등학교","02","공립","N","","7816","508","4064","15.4"
"전북특별자치도교육청","전북특별자치도익산교육지원청","전북특별자치도 익산시","S130001193","이리북일초등학교","02","공립","N","","581","116","358","5"
"전북특별자치도교육청","전북특별자치도익산교육지원청","전북특별자치도 익산시","S130001194","이리북초등학교","02","공립","N","","4532","189","752","24"
"전북특별자치도교육청","전북특별자치도익산교육지원청","전북특별자치도 익산시","S130001195","이리삼성초등학교","02","공립","N","","1759","57","898","30.9"
"전북특별자치도교육청","전북특별자치도익산교육지원청","전북특별자치도 익산시","S130001196","이리서초등학교","02","공립","N","","3367","484","1892","7"
"전북특별자치도교육청","전북특별자치도익산교육지원청","전북특별자치도 익산시","S130001197","이리석암초등학교","02","공립","N","","250","34","35","7.4"
"전북특별자치도교육청","전북특별자치도익산교육지원청","전북특별자치도 익산시","S130001198","이리송학초등학교","02","공립","N","","15116","436","9708","34.7"
"전북특별자치도교육청","전북특별자치도익산교육지원청","전북특별자치도 익산시","S130001199","이리신동초등학교","02","공립","N","","1116","147","881","7.6"
"전북특별자치도교육청","전북특별자치도익산교육지원청","전북특별자치도 익산시","S130001200","이리신흥초등학교","02","공립","N","","256","60","170","4.3"
"전북특별자치도교육청","전북특별자치도익산교육지원청","전북특별자치도 익산시","S130001201","익산어양초등학교","02","공립","N","","2483","680","2157","3.7"
"전북특별자치도교육청","전북특별자치도익산교육지원청","전북특별자치도 익산시","S130001202","이리영등초등학교","02","공립","N","","35513","661","20336","53.7"
"전북특별자치도교육청","전북특별자치도익산교육지원청","전북특별자치도 익산시","S130001203","이리중앙초등학교","02","공립","N","","32","105","32","0.3"
"전북특별자치도교육청","전북특별자치도익산교육지원청","전북특별자치도 익산시","S130001204","이리초등학교","02","공립","N","","2246","293","826","7.7"
"전북특별자치도교육청","전북특별자치도익산교육지원청","전북특별자치도 익산시","S130001205","이리팔봉초등학교","02","공립","N","","2459","328","1450","7.5"
"전북특별자치도교육청","전북특별자치도익산교육지원청","전북특별자치도 익산시","S130001206","익산초등학교","02","공립","N","","4685","409","3356","11.5"
"전북특별자치도교육청","전북특별자치도익산교육지원청","전북특별자치도 익산시","S130001207","천서초등학교","02","공립","N","","753","46","655","16.4"
"전북특별자치도교육청","전북특별자치도익산교육지원청","전북특별자치도 익산시","S130001208","춘포초등학교","02","공립","N","","2779","79","1659","35.2"
"전북특별자치도교육청","전북특별자치도익산교육지원청","전북특별자치도 익산시","S130001209","함라초등학교","02","공립","N","","272","24","272","11.3"
"전북특별자치도교육청","전북특별자치도익산교육지원청","전북특별자치도 익산시","S130001210","함열초등학교","02","공립","N","","1763","229","180","7.7"
"전북특별자치도교육청","전북특별자치도익산교육지원청","전북특별자치도 익산시","S130001211","황등남초등학교","02","공립","N","","242","128","163","1.9"
"전북특별자치도교육청","전북특별자치도익산교육지원청","전북특별자치도 익산시","S130001212","황등초등학교","02","공립","N","","363","44","270","8.3"
"전북특별자치도교육청","전북특별자치도익산교육지원청","전북특별자치도 익산시","S130001213","흥왕초등학교","02","공립","N","","515","16","350","32.2"
"전북특별자치도교육청","전북특별자치도임실교육지원청","전북특별자치도 임실군","S130001308","갈담초등학교","02","공립","N","","1270","20","706","63.5"
"전북특별자치도교육청","전북특별자치도임실교육지원청","전북특별자치도 임실군","S130001311","관촌초등학교","02","공립","N","","448","80","392","5.6"
"전북특별자치도교육청","전북특별자치도임실교육지원청","전북특별자치도 임실군","S130001313","대리초등학교","02","공립","N","","0","37","0","0"
"전북특별자치도교육청","전북특별자치도임실교육지원청","전북특별자치도 임실군","S130001314","덕치초등학교","02","공립","N","","230","9","30","25.6"
"전북특별자치도교육청","전북특별자치도임실교육지원청","전북특별자치도 임실군","S130001316","삼계초등학교","02","공립","N","","15","14","14","1.1"
"전북특별자치도교육청","전북특별자치도임실교육지원청","전북특별자치도 임실군","S130001318","성수초등학교","02","공립","N","","627","36","523","17.4"
"전북특별자치도교육청","전북특별자치도임실교육지원청","전북특별자치도 임실군","S130001320","신평초등학교","02","공립","N","","100","20","50","5"
"전북특별자치도교육청","전북특별자치도임실교육지원청","전북특별자치도 임실군","S130001322","오수초등학교","02","공립","N","","2483","66","1553","37.6"
"전북특별자치도교육청","전북특별자치도임실교육지원청","전북특별자치도 임실군","S130001323","운암초등학교","02","공립","N","","212","9","9","23.6"
"전북특별자치도교육청","전북특별자치도임실교육지원청","전북특별자치도 임실군","S130001324","마암초등학교","02","공립","N","","2467","46","803","53.6"
"전북특별자치도교육청","전북특별자치도임실교육지원청","전북특별자치도 임실군","S130001325","임실기림초등학교","02","공립","N","","225","43","218","5.2"
"전북특별자치도교육청","전북특별자치도임실교육지원청","전북특별자치도 임실군","S130001327","임실초등학교","02","공립","N","","4117","328","308","12.6"
"전북특별자치도교육청","전북특별자치도임실교육지원청","전북특별자치도 임실군","S130001328","지사초등학교","02","공립","N","","20","23","4","0.9"
"전북특별자치도교육청","전북특별자치도임실교육지원청","전북특별자치도 임실군","S130001329","청웅초등학교","02","공립","N","","1150","17","240","67.6"
"전북특별자치도교육청","전북특별자치도장수교육지원청","전북특별자치도 장수군","S130001352","계남초등학교","02","공립","N","","150","27","91","5.6"
"전북특별자치도교육청","전북특별자치도장수교육지원청","전북특별자치도 장수군","S130001353","계북초등학교","02","공립","N","","282","32","199","8.8"
"전북특별자치도교육청","전북특별자치도장수교육지원청","전북특별자치도 장수군","S130001358","번암초등학교","02","공립","N","","570","40","190","14.3"
"전북특별자치도교육청","전북특별자치도장수교육지원청","전북특별자치도 장수군","S130001359","번암초등학교동화분교장","02","공립","N","","140","12","120","11.7"
"전북특별자치도교육청","전북특별자치도장수교육지원청","전북특별자치도 장수군","S130001360","산서초등학교","02","공립","N","","410","42","50","9.8"
"전북특별자치도교육청","전북특별자치도장수교육지원청","전북특별자치도 장수군","S130001361","수남초등학교","02","공립","N","","1490","37","1418","40.3"
"전북특별자치도교육청","전북특별자치도장수교육지원청","전북특별자치도 장수군","S130001365","장계초등학교","02","공립","N","","5482","181","3333","30.3"
"전북특별자치도교육청","전북특별자치도장수교육지원청","전북특별자치도 장수군","S130001366","장수초등학교","02","공립","N","","8588","331","4131","25.9"
"전북특별자치도교육청","전북특별자치도장수교육지원청","전북특별자치도 장수군","S130001368","천천초등학교","02","공립","N","","424","22","232","19.3"
"전북특별자치도교육청","전북특별자치도전주교육지원청","전북특별자치도 전주시 덕진구","S130001423","전주금암초등학교","02","공립","N","","791","217","450","3.6"
"전북특별자치도교육청","전북특별자치도전주교육지원청","전북특별자치도 전주시 덕진구","S130001424","전주금평초등학교","02","공립","N","","5495","218","4902","25.2"
"전북특별자치도교육청","전북특별자치도전주교육지원청","전북특별자치도 전주시 덕진구","S130001425","전주기린초등학교","02","공립","N","","4972","448","2659","11.1"
"전북특별자치도교육청","전북특별자치도전주교육지원청","전북특별자치도 전주시 완산구","S130001426","전주남초등학교","02","공립","N","","2296","311","1613","7.4"
"전북특별자치도교육청","전북특별자치도전주교육지원청","전북특별자치도 전주시 완산구","S130001427","전주대성초등학교","02","공립","N","","1066","47","621","22.7"
"전북특별자치도교육청","전북특별자치도전주교육지원청","전북특별자치도 전주시 덕진구","S130001428","전주덕일초등학교","02","공립","N","","615","226","460","2.7"
"전북특별자치도교육청","전북특별자치도전주교육지원청","전북특별자치도 전주시 덕진구","S130001429","전주덕진초등학교","02","공립","N","","991","106","401","9.3"
"전북특별자치도교육청","전북특별자치도전주교육지원청","전북특별자치도 전주시 덕진구","S130001431","전주동북초등학교","02","공립","N","","6213","154","5044","40.3"
"전북특별자치도교육청","전북특별자치도전주교육지원청","전북특별자치도 전주시 덕진구","S130001432","전주동신초등학교","02","공립","N","","4905","521","3840","9.4"
"전북특별자치도교육청","전북특별자치도전주교육지원청","전북특별자치도 전주시 완산구","S130001433","전주동초등학교","02","공립","N","","1465","233","1436","6.3"
"전북특별자치도교육청","전북특별자치도전주교육지원청","전북특별자치도 전주시 덕진구","S130001434","전주만성초등학교","02","공립","N","","16940","1412","7429","12"
"전북특별자치도교육청","전북특별자치도전주교육지원청","전북특별자치도 전주시 완산구","S130001435","전주문정초등학교","02","공립","N","","1166","66","487","17.7"
"전북특별자치도교육청","전북특별자치도전주교육지원청","전북특별자치도 전주시 덕진구","S130001436","전주미산초등학교","02","공립","N","","108","48","58","2.3"
"전북특별자치도교육청","전북특별자치도전주교육지원청","전북특별자치도 전주시 덕진구","S130001437","전주반월초등학교","02","공립","N","","6866","467","4329","14.7"
"전북특별자치도교육청","전북특별자치도전주교육지원청","전북특별자치도 전주시 덕진구","S130001438","전주북일초등학교","02","공립","N","","5433","549","5414","9.9"
"전북특별자치도교육청","전북특별자치도전주교육지원청","전북특별자치도 전주시 덕진구","S130001439","전주북초등학교","02","공립","N","","3887","441","2727","8.8"
"전북특별자치도교육청","전북특별자치도전주교육지원청","전북특별자치도 전주시 완산구","S130001440","전주삼천남초등학교","02","공립","N","","2263","358","1708","6.3"
"전북특별자치도교육청","전북특별자치도전주교육지원청","전북특별자치도 전주시 완산구","S130001441","전주삼천초등학교","02","공립","N","","1877","351","1242","5.3"
"전북특별자치도교육청","전북특별자치도전주교육지원청","전북특별자치도 전주시 완산구","S130001442","전주서곡초등학교","02","공립","N","","5365","632","3769","8.5"
"전북특별자치도교육청","전북특별자치도전주교육지원청","전북특별자치도 전주시 완산구","S130001443","전주서문초등학교","02","공립","N","","5116","358","3167","14.3"
"전북특별자치도교육청","전북특별자치도전주교육지원청","전북특별자치도 전주시 완산구","S130001444","전주서신초등학교","02","공립","N","","7722","519","4307","14.9"
"전북특별자치도교육청","전북특별자치도전주교육지원청","전북특별자치도 전주시 완산구","S130001445","전주서원초등학교","02","공립","N","","798","403","258","2"
"전북특별자치도교육청","전북특별자치도전주교육지원청","전북특별자치도 전주시 완산구","S130001446","전주서일초등학교","02","공립","N","","13721","628","8864","21.8"
"전북특별자치도교육청","전북특별자치도전주교육지원청","전북특별자치도 전주시 완산구","S130001447","전주서천초등학교","02","공립","N","","2245","348","1627","6.5"
"전북특별자치도교육청","전북특별자치도전주교육지원청","전북특별자치도 전주시 덕진구","S130001448","전주송북초등학교","02","공립","N","","12434","547","7954","22.7"
"전북특별자치도교육청","전북특별자치도전주교육지원청","전북특별자치도 전주시 덕진구","S130001449","전주송원초등학교","02","공립","N","","2872","484","2159","5.9"
"전북특별자치도교육청","전북특별자치도전주교육지원청","전북특별자치도 전주시 덕진구","S130001450","전주송천초등학교","02","공립","N","","1301","638","575","2"
"전북특별자치도교육청","전북특별자치도전주교육지원청","전북특별자치도 전주시 덕진구","S130001451","전주신동초등학교","02","공립","N","","11499","575","7453","20"
"전북특별자치도교육청","전북특별자치도전주교육지원청","전북특별자치도 전주시 완산구","S130001452","전주신성초등학교","02","공립","N","","10797","417","5653","25.9"
"전북특별자치도교육청","전북특별자치도전주교육지원청","전북특별자치도 전주시 덕진구","S130001453","전주아중초등학교","02","공립","N","","1852","201","763","9.2"
"전북특별자치도교육청","전북특별자치도전주교육지원청","전북특별자치도 전주시 완산구","S130001454","전주양지초등학교","02","공립","N","","6181","313","3651","19.7"
"전북특별자치도교육청","전북특별자치도전주교육지원청","전북특별자치도 전주시 완산구","S130001455","전주완산서초등학교","02","공립","N","","772","231","710","3.3"
"전북특별자치도교육청","전북특별자치도전주교육지원청","전북특별자치도 전주시 완산구","S130001456","전주완산초등학교","02","공립","N","","106","63","83","1.7"
"전북특별자치도교육청","전북특별자치도전주교육지원청","전북특별자치도 전주시 덕진구","S130001457","전주용덕초등학교","02","공립","N","","2200","97","1102","22.7"
"전북특별자치도교육청","전북특별자치도전주교육지원청","전북특별자치도 전주시 완산구","S130001458","전주용흥초등학교","02","공립","N","","6888","662","5329","10.4"
"전북특별자치도교육청","전북특별자치도전주교육지원청","전북특별자치도 전주시 완산구","S130001459","전주우전초등학교","02","공립","N","","12319","818","7802","15.1"
"전북특별자치도교육청","전북특별자치도전주교육지원청","전북특별자치도 전주시 덕진구","S130001460","전주원동초등학교","02","공립","N","","1162","96","662","12.1"
"전북특별자치도교육청","전북특별자치도전주교육지원청","전북특별자치도 전주시 덕진구","S130001461","전주인봉초등학교","02","공립","N","","9312","870","5626","10.7"
"전북특별자치도교육청","전북특별자치도전주교육지원청","전북특별자치도 전주시 덕진구","S130001462","전주인후초등학교","02","공립","N","","5987","865","4361","6.9"
"전북특별자치도교육청","전북특별자치도전주교육지원청","전북특별자치도 전주시 덕진구","S130001463","전주장동초등학교","02","공립","N","","212","106","106","2"
"전북특별자치도교육청","전북특별자치도전주교육지원청","전북특별자치도 전주시 덕진구","S130001464","전주전라초등학교","02","공립","N","","13151","580","6653","22.7"
"전북특별자치도교육청","전북특별자치도전주교육지원청","전북특별자치도 전주시 덕진구","S130001465","전주전일초등학교","02","공립","N","","2331","220","1748","10.6"
"전북특별자치도교육청","전북특별자치도전주교육지원청","전북특별자치도 전주시 덕진구","S130001466","전주조촌초등학교","02","공립","N","","3663","750","2779","4.9"
"전북특별자치도교육청","전북특별자치도전주교육지원청","전북특별자치도 전주시 완산구","S130001467","전주중산초등학교","02","공립","N","","3955","490","2100","8.1"
"전북특별자치도교육청","전북특별자치도전주교육지원청","전북특별자치도 전주시 완산구","S130001468","전주중앙초등학교","02","공립","N","","638","87","319","7.3"
"전북특별자치도교육청","전북특별자치도전주교육지원청","전북특별자치도 전주시 완산구","S130001469","전주중인초등학교","02","공립","N","","148","97","93","1.5"
"전북특별자치도교육청","전북특별자치도전주교육지원청","전북특별자치도 전주시 완산구","S130001470","전주지곡초등학교","02","공립","N","","17323","949","9460","18.3"
"전북특별자치도교육청","전북특별자치도전주교육지원청","전북특별자치도 전주시 덕진구","S130001471","전주진북초등학교","02","공립","N","","7080","204","6635","34.7"
"전북특별자치도교육청","전북특별자치도전주교육지원청","전북특별자치도 전주시 완산구","S130001472","전주초등학교","02","공립","N","","3577","260","2568","13.8"
"전북특별자치도교육청","전북특별자치도전주교육지원청","전북특별자치도 전주시 덕진구","S130001473","전주초포초등학교","02","공립","N","","1977","238","1314","8.3"
"전북특별자치도교육청","전북특별자치도전주교육지원청","전북특별자치도 전주시 덕진구","S130001474","전주팔복초등학교","02","공립","N","","77","66","66","1.2"
"전북특별자치도교육청","전북특별자치도전주교육지원청","전북특별자치도 전주시 완산구","S130001475","전주평화초등학교","02","공립","N","","662","244","475","2.7"
"전북특별자치도교육청","전북특별자치도전주교육지원청","전북특별자치도 전주시 완산구","S130001476","전주풍남초등학교","02","공립","N","","3162","162","2171","19.5"
"전북특별자치도교육청","전북특별자치도전주교육지원청","전북특별자치도 전주시 완산구","S130001477","전주한들초등학교","02","공립","N","","13788","857","7365","16.1"
"전북특별자치도교육청","전북특별자치도전주교육지원청","전북특별자치도 전주시 완산구","S130001478","전주화산초등학교","02","공립","N","","4143","834","2548","5"
"전북특별자치도교육청","전북특별자치도전주교육지원청","전북특별자치도 전주시 완산구","S130001479","전주효림초등학교","02","공립","N","","3170","370","1941","8.6"
"전북특별자치도교육청","전북특별자치도전주교육지원청","전북특별자치도 전주시 완산구","S130001480","전주효문초등학교","02","공립","N","","1719","240","904","7.2"
"전북특별자치도교육청","전북특별자치도전주교육지원청","전북특별자치도 전주시 완산구","S130001481","전주효자초등학교","02","공립","N","","2428","134","1445","18.1"
"전북특별자치도교육청","전북특별자치도정읍교육지원청","전북특별자치도 정읍시","S130001604","감곡초등학교","02","공립","N","","253","24","253","10.5"
"전북특별자치도교육청","전북특별자치도정읍교육지원청","전북특별자치도 정읍시","S130001605","고부초등학교","02","공립","N","","350","34","110","10.3"
"전북특별자치도교육청","전북특별자치도정읍교육지원청","전북특별자치도 정읍시","S130001607","교암초등학교","02","공립","N","","191","61","44","3.1"
"전북특별자치도교육청","전북특별자치도정읍교육지원청","전북특별자치도 정읍시","S130001608","내장초등학교","02","공립","N","","555","85","323","6.5"
"전북특별자치도교육청","전북특별자치도정읍교육지원청","전북특별자치도 정읍시","S130001609","능교초등학교","02","공립","N","","175","21","13","8.3"
"전북특별자치도교육청","전북특별자치도정읍교육지원청","전북특별자치도 정읍시","S130001611","대흥초등학교","02","공립","N","","1200","58","400","20.7"
"전북특별자치도교육청","전북특별자치도정읍교육지원청","전북특별자치도 정읍시","S130001612","덕천초등학교","02","공립","N","","0","53","0","0"
"전북특별자치도교육청","전북특별자치도정읍교육지원청","전북특별자치도 정읍시","S130001613","도학초등학교","02","공립","N","","360","13","95","27.7"
"전북특별자치도교육청","전북특별자치도정읍교육지원청","전북특별자치도 정읍시","S130001614","동신초등학교","02","공립","N","","9619","669","7614","14.4"
"전북특별자치도교육청","전북특별자치도정읍교육지원청","전북특별자치도 정읍시","S130001616","백암초등학교","02","공립","N","","805","32","412","25.2"
"전북특별자치도교육청","전북특별자치도정읍교육지원청","전북특별자치도 정읍시","S130001618","보성초등학교","02","공립","N","","544","45","295","12.1"
"전북특별자치도교육청","전북특별자치도정읍교육지원청","전북특별자치도 정읍시","S130001619","북면초등학교","02","공립","N","","293","75","293","3.9"
"전북특별자치도교육청","전북특별자치도정읍교육지원청","전북특별자치도 정읍시","S130001620","산외초등학교","02","공립","N","","1002","23","430","43.6"
"전북특별자치도교육청","전북특별자치도정읍교육지원청","전북특별자치도 정읍시","S130001622","서신초등학교","02","공립","N","","51","51","31","1"
"전북특별자치도교육청","전북특별자치도정읍교육지원청","전북특별자치도 정읍시","S130001623","소성초등학교","02","공립","N","","184","25","101","7.4"
"전북특별자치도교육청","전북특별자치도정읍교육지원청","전북특별자치도 정읍시","S130001624","수곡초등학교","02","공립","N","","320","46","300","7"
"전북특별자치도교육청","전북특별자치도정읍교육지원청","전북특별자치도 정읍시","S130001627","신태인초등학교","02","공립","N","","1155","149","630","7.8"
"전북특별자치도교육청","전북특별자치도정읍교육지원청","전북특별자치도 정읍시","S130001629","영산초등학교","02","공립","N","","640","33","320","19.4"
"전북특별자치도교육청","전북특별자치도정읍교육지원청","전북특별자치도 정읍시","S130001630","영원초등학교","02","공립","N","","343","26","26","13.2"
"전북특별자치도교육청","전북특별자치도정읍교육지원청","전북특별자치도 정읍시","S130001632","옹동초등학교","02","공립","N","","0","24","0","0"
"전북특별자치도교육청","전북특별자치도정읍교육지원청","전북특별자치도 정읍시","S130001636","이평초등학교","02","공립","N","","113","44","83","2.6"
"전북특별자치도교육청","전북특별자치도정읍교육지원청","전북특별자치도 정읍시","S130001637","입암초등학교","02","공립","N","","1266","31","723","40.8"
"전북특별자치도교육청","전북특별자치도정읍교육지원청","전북특별자치도 정읍시","S130001638","정남초등학교","02","공립","N","","280","19","252","14.7"
"전북특별자치도교육청","전북특별자치도정읍교육지원청","전북특별자치도 정읍시","S130001639","정우초등학교","02","공립","N","","26","65","17","0.4"
"전북특별자치도교육청","전북특별자치도정읍교육지원청","전북특별자치도 정읍시","S130001640","정읍남초등학교","02","공립","N","","6039","255","3534","23.7"
"전북특별자치도교육청","전북특별자치도정읍교육지원청","전북특별자치도 정읍시","S130001641","정읍동초등학교","02","공립","N","","2429","172","1429","14.1"
"전북특별자치도교육청","전북특별자치도정읍교육지원청","전북특별자치도 정읍시","S130001642","정읍북초등학교","02","공립","N","","9623","412","6617","23.4"
"전북특별자치도교육청","전북특별자치도정읍교육지원청","전북특별자치도 정읍시","S130001643","정읍서초등학교","02","공립","N","","7716","372","7351","20.7"
"전북특별자치도교육청","전북특별자치도정읍교육지원청","전북특별자치도 정읍시","S130001644","정읍수성초등학교","02","공립","N","","4964","271","3257","18.3"
"전북특별자치도교육청","전북특별자치도정읍교육지원청","전북특별자치도 정읍시","S130001645","정일초등학교","02","공립","N","","200","45","100","4.4"
"전북특별자치도교육청","전북특별자치도정읍교육지원청","전북특별자치도 정읍시","S130001646","칠보초등학교","02","공립","N","","140","29","29","4.8"
"전북특별자치도교육청","전북특별자치도정읍교육지원청","전북특별자치도 정읍시","S130001647","태인초등학교","02","공립","N","","367","55","348","6.7"
"전북특별자치도교육청","전북특별자치도진안교육지원청","전북특별자치도 진안군","S130001721","동향초등학교","02","공립","N","","178","25","132","7.1"
"전북특별자치도교육청","전북특별자치도진안교육지원청","전북특별자치도 진안군","S130001722","마령초등학교","02","공립","N","","182","33","53","5.5"
"전북특별자치도교육청","전북특별자치도진안교육지원청","전북특별자치도 진안군","S130001723","백운초등학교","02","공립","N","","418","33","256","12.7"
"전북특별자치도교육청","전북특별자치도진안교육지원청","전북특별자치도 진안군","S130001724","부귀초등학교","02","공립","N","","297","29","31","10.2"
"전북특별자치도교육청","전북특별자치도진안교육지원청","전북특별자치도 진안군","S130001727","송풍초등학교","02","공립","N","","62","7","41","8.9"
"전북특별자치도교육청","전북특별자치도진안교육지원청","전북특별자치도 진안군","S130001728","안천초등학교","02","공립","N","","317","24","54","13.2"
"전북특별자치도교육청","전북특별자치도진안교육지원청","전북특별자치도 진안군","S130001730","오천초등학교","02","공립","N","","150","16","97","9.4"
"전북특별자치도교육청","전북특별자치도진안교육지원청","전북특별자치도 진안군","S130001731","외궁초등학교","02","공립","N","","151","20","90","7.6"
"전북특별자치도교육청","전북특별자치도진안교육지원청","전북특별자치도 진안군","S130001733","장승초등학교","02","공립","N","","548","74","156","7.4"
"전북특별자치도교육청","전북특별자치도진안교육지원청","전북특별자치도 진안군","S130001734","조림초등학교","02","공립","N","","705","40","140","17.6"
"전북특별자치도교육청","전북특별자치도진안교육지원청","전북특별자치도 진안군","S130001737","주천초등학교","02","공립","N","","200","19","120","10.5"
"전북특별자치도교육청","전북특별자치도진안교육지원청","전북특별자치도 진안군","S130001741","진안중앙초등학교","02","공립","N","","3995","170","2498","23.5"
"전북특별자치도교육청","전북특별자치도진안교육지원청","전북특별자치도 진안군","S130001742","진안초등학교","02","공립","N","","1447","198","1209","7.3"
"전북특별자치도교육청","전북특별자치도익산교육지원청","전북특별자치도 익산시","S130002454","익산궁동초등학교","02","공립","N","","9982","646","5867","15.5"
"전북특별자치도교육청","전북특별자치도정읍교육지원청","전북특별자치도 정읍시","S130002462","정읍초등학교","02","공립","N","","433","247","172","1.8"
"전북특별자치도교육청","전북특별자치도전주교육지원청","전북특별자치도 전주시 완산구","S130002463","전주여울초등학교","02","공립","N","","12051","576","9270","20.9"
"전북특별자치도교육청","전북특별자치도전주교육지원청","전북특별자치도 전주시 덕진구","S130002468","전주용소초등학교","02","공립","N","","2911","468","1835","6.2"
"전북특별자치도교육청","전북특별자치도전주교육지원청","전북특별자치도 전주시 완산구","S130002478","전주대정초등학교","02","공립","N","","12706","824","8894","15.4"
"전북특별자치도교육청","전북특별자치도전주교육지원청","전북특별자치도 전주시 완산구","S130002479","전주용와초등학교","02","공립","N","","3270","391","2459","8.4"
"전북특별자치도교육청","전북특별자치도군산교육지원청","전북특별자치도 군산시","S130002498","군산미성초등학교","02","공립","N","","383","105","89","3.6"
"전북특별자치도교육청","전북특별자치도군산교육지원청","전북특별자치도 군산시","S130002499","군산진포초등학교","02","공립","N","","3198","674","2487","4.7"
"전북특별자치도교육청","전북특별자치도익산교육지원청","전북특별자치도 익산시","S130002502","익산옥야초등학교","02","공립","N","","360","197","175","1.8"
"전북특별자치도교육청","전북특별자치도전주교육지원청","전북특별자치도 전주시 덕진구","S130002506","전주만수초등학교","02","공립","N","","7461","610","3102","12.2"
"전북특별자치도교육청","전북특별자치도전주교육지원청","전북특별자치도 전주시 덕진구","S130002507","전주오송초등학교","02","공립","N","","26517","1060","15286","25"
"전북특별자치도교육청","전북특별자치도익산교육지원청","전북특별자치도 익산시","S130002542","익산한벌초등학교","02","공립","N","","7416","556","2997","13.3"
"전북특별자치도교육청","전북특별자치도정읍교육지원청","전북특별자치도 정읍시","S130002543","한솔초등학교","02","공립","N","","14193","778","9698","18.2"
"전북특별자치도교육청","전북특별자치도전주교육지원청","전북특별자치도 전주시 완산구","S130002572","전주문학초등학교","02","공립","N","","9346","666","6581","14"
"전북특별자치도교육청","전북특별자치도전주교육지원청","전북특별자치도 전주시 완산구","S130002573","전주우림초등학교","02","공립","N","","1554","388","1203","4"
"전북특별자치도교육청","전북특별자치도군산교육지원청","전북특별자치도 군산시","S130002582","군산미장초등학교","02","공립","N","","13221","1064","7047","12.4"
"전북특별자치도교육청","전북특별자치도군산교육지원청","전북특별자치도 군산시","S130002606","군산푸른솔초등학교","02","공립","N","","12993","643","7478","20.2"
"전북특별자치도교육청","전북특별자치도군산교육지원청","전북특별자치도 군산시","S130002673","군산아리울초등학교","02","공립","N","","8658","721","5920","12"
"전북특별자치도교육청","전북특별자치도군산교육지원청","전북특별자치도 군산시","S130002690","새만금초등학교","02","공립","N","","297","81","201","3.7"
"전북특별자치도교육청","전북특별자치도전주교육지원청","전북특별자치도 전주시 덕진구","S130002714","전주온빛초등학교","02","공립","N","","40443","1561","28163","25.9"
"전북특별자치도교육청","전북특별자치도전주교육지원청","전북특별자치도 전주시 완산구","S130002725","전주홍산초등학교","02","공립","N","","2782","317","1753","8.8"
"전북특별자치도교육청","전북특별자치도전주교육지원청","전북특별자치도 전주시 덕진구","S130002732","전주양현초등학교","02","공립","N","","7546","1462","6248","5.2"
"전북특별자치도교육청","전북특별자치도익산교육지원청","전북특별자치도 익산시","S130002735","익산가온초등학교","02","공립","N","","12152","910","7638","13.4"
"전북특별자치도교육청","전북특별자치도전주교육지원청","전북특별자치도 전주시 완산구","S130002737","전주새연초등학교","02","공립","N","","3931","657","2851","6"
"전북특별자치도교육청","전북특별자치도전주교육지원청","전북특별자치도 전주시 덕진구","S130002738","전주하가초등학교","02","공립","N","","3374","849","2580","4"
"전북특별자치도교육청","전북특별자치도전주교육지원청","전북특별자치도 전주시 완산구","S130002745","전주효천초등학교","02","공립","N","","19488","1448","14622","13.5"
"전북특별자치도교육청","전북특별자치도전주교육지원청","전북특별자치도 전주시 덕진구","S130002748","전주화정초등학교","02","공립","N","","23316","1704","16830","13.7"
"전북특별자치도교육청","전북특별자치도전주교육지원청","전북특별자치도 전주시 덕진구","S130002771","전주자연초등학교","02","공립","N","","35366","1613","20758","21.9"
"전북특별자치도교육청","전북특별자치도군산교육지원청","전북특별자치도 군산시","S130002788","군산금빛초등학교","02","공립","N","","6566","1090","6024","6"