"시도교육청","교육지원청","지역","정보공시 학교코드","학교명","학교급코드","설립구분","제외여부","제외사유","도서자료","비도서자료수","합계","전체학생수","1인당장서수"
"전북특별자치도교육청","전북특별자치도군산교육지원청","전북특별자치도 군산시","S000003522","전주교육대학교군산부설초등학교","02","국립","N","","16956","0","16956","399","42.5"
"전북특별자치도교육청","전북특별자치도전주교육지원청","전북특별자치도 전주시 완산구","S000003525","전주교육대학교전주부설초등학교","02","국립","N","","15592","0","15592","406","38.4"
"전북특별자치도교육청","전북특별자치도고창교육지원청","전북특별자치도 고창군","S130000480","가평초등학교","02","공립","N","","8511","1225","9736","30","324.5"
"전북특별자치도교육청","전북특별자치도고창교육지원청","전북특별자치도 고창군","S130000481","고수초등학교","02","공립","N","","17205","107","17312","39","443.9"
"전북특별자치도교육청","전북특별자치도고창교육지원청","전북특별자치도 고창군","S130000482","고창남초등학교","02","공립","N","","13057","0","13057","224","58.3"
"전북특별자치도교육청","전북특별자치도고창교육지원청","전북특별자치도 고창군","S130000484","고창초등학교","02","공립","N","","30065","0","30065","863","34.8"
"전북특별자치도교육청","전북특별자치도고창교육지원청","전북특별자치도 고창군","S130000485","공음초등학교","02","공립","N","","16000","0","16000","10","1600"
"전북특별자치도교육청","전북특별자치도고창교육지원청","전북특별자치도 고창군","S130000486","대산초등학교","02","공립","N","","9600","0","9600","13","738.5"
"전북특별자치도교육청","전북특별자치도고창교육지원청","전북특별자치도 고창군","S130000487","대아초등학교","02","공립","N","","12018","0","12018","37","324.8"
"전북특별자치도교육청","전북특별자치도고창교육지원청","전북특별자치도 고창군","S130000489","동호초등학교","02","공립","N","","8411","80","8491","16","530.7"
"전북특별자치도교육청","전북특별자치도고창교육지원청","전북특별자치도 고창군","S130000490","매산초등학교","02","공립","N","","12350","26","12376","27","458.4"
"전북특별자치도교육청","전북특별자치도고창교육지원청","전북특별자치도 고창군","S130000491","무장초등학교","02","공립","N","","14500","71","14571","41","355.4"
"전북특별자치도교육청","전북특별자치도고창교육지원청","전북특별자치도 고창군","S130000492","봉암초등학교","02","공립","N","","11835","106","11941","8","1492.6"
"전북특별자치도교육청","전북특별자치도고창교육지원청","전북특별자치도 고창군","S130000493","고창부안초등학교","02","공립","N","","10610","235","10845","17","637.9"
"전북특별자치도교육청","전북특별자치도고창교육지원청","전북특별자치도 고창군","S130000495","상하초등학교","02","공립","N","","12872","0","12872","30","429.1"
"전북특별자치도교육청","전북특별자치도고창교육지원청","전북특별자치도 고창군","S130000498","선동초등학교","02","공립","N","","6894","0","6894","8","861.8"
"전북특별자치도교육청","전북특별자치도고창교육지원청","전북특별자치도 고창군","S130000500","성내초등학교","02","공립","N","","9773","0","9773","18","542.9"
"전북특별자치도교육청","전북특별자치도고창교육지원청","전북특별자치도 고창군","S130000501","성송초등학교","02","공립","N","","8790","6","8796","19","462.9"
"전북특별자치도교육청","전북특별자치도고창교육지원청","전북특별자치도 고창군","S130000502","신림초등학교","02","공립","N","","10283","22","10305","32","322"
"전북특별자치도교육청","전북특별자치도고창교육지원청","전북특별자치도 고창군","S130000504","심원초등학교","02","공립","N","","13342","0","13342","46","290"
"전북특별자치도교육청","전북특별자치도고창교육지원청","전북특별자치도 고창군","S130000505","아산초등학교","02","공립","N","","7842","131","7973","23","346.7"
"전북특별자치도교육청","전북특별자치도고창교육지원청","전북특별자치도 고창군","S130000510","해리초등학교","02","공립","N","","9993","0","9993","19","525.9"
"전북특별자치도교육청","전북특별자치도고창교육지원청","전북특별자치도 고창군","S130000512","흥덕초등학교","02","공립","N","","11906","0","11906","51","233.5"
"전북특별자치도교육청","전북특별자치도군산교육지원청","전북특별자치도 군산시","S130000570","개야도초등학교","02","공립","N","","7560","0","7560","2","3780"
"전북특별자치도교육청","전북특별자치도군산교육지원청","전북특별자치도 군산시","S130000571","개정초등학교","02","공립","N","","10725","0","10725","85","126.2"
"전북특별자치도교육청","전북특별자치도군산교육지원청","전북특별자치도 군산시","S130000574","군산경포초등학교","02","공립","N","","21723","34","21757","398","54.7"
"전북특별자치도교육청","전북특별자치도군산교육지원청","전북특별자치도 군산시","S130000575","군산구암초등학교","02","공립","N","","18811","0","18811","321","58.6"
"전북특별자치도교육청","전북특별자치도군산교육지원청","전북특별자치도 군산시","S130000576","군산금광초등학교","02","공립","N","","12358","57","12415","67","185.3"
"전북특별자치도교육청","전북특별자치도군산교육지원청","전북특별자치도 군산시","S130000577","군산나운초등학교","02","공립","N","","25481","1019","26500","226","117.3"
"전북특별자치도교육청","전북특별자치도군산교육지원청","전북특별자치도 군산시","S130000578","군산남초등학교","02","공립","N","","10249","0","10249","91","112.6"
"전북특별자치도교육청","전북특별자치도군산교육지원청","전북특별자치도 군산시","S130000579","군산내흥초등학교","02","공립","N","","4926","0","4926","52","94.7"
"전북특별자치도교육청","전북특별자치도군산교육지원청","전북특별자치도 군산시","S130000580","군산동초등학교","02","공립","N","","14724","0","14724","535","27.5"
"전북특별자치도교육청","전북특별자치도군산교육지원청","전북특별자치도 군산시","S130000581","군산문화초등학교","02","공립","N","","14049","50","14099","168","83.9"
"전북특별자치도교육청","전북특별자치도군산교육지원청","전북특별자치도 군산시","S130000582","군산산북초등학교","02","공립","N","","16463","0","16463","370","44.5"
"전북특별자치도교육청","전북특별자치도군산교육지원청","전북특별자치도 군산시","S130000583","군산서초등학교","02","공립","N","","11240","680","11920","105","113.5"
"전북특별자치도교육청","전북특별자치도군산교육지원청","전북특별자치도 군산시","S130000584","군산서해초등학교","02","공립","N","","31250","218","31468","656","48"
"전북특별자치도교육청","전북특별자치도군산교육지원청","전북특별자치도 군산시","S130000585","소룡초등학교","02","공립","N","","21937","0","21937","434","50.5"
"전북특별자치도교육청","전북특별자치도군산교육지원청","전북특별자치도 군산시","S130000586","군산수송초등학교","02","공립","N","","20719","33","20752","352","59"
"전북특별자치도교육청","전북특별자치도군산교육지원청","전북특별자치도 군산시","S130000587","군산신흥초등학교","02","공립","N","","21397","27","21424","395","54.2"
"전북특별자치도교육청","전북특별자치도군산교육지원청","전북특별자치도 군산시","S130000588","군산용문초등학교","02","공립","N","","25625","119","25744","583","44.2"
"전북특별자치도교육청","전북특별자치도군산교육지원청","전북특별자치도 군산시","S130000589","군산월명초등학교","02","공립","N","","17785","30","17815","691","25.8"
"전북특별자치도교육청","전북특별자치도군산교육지원청","전북특별자치도 군산시","S130000590","군산중앙초등학교","02","공립","N","","11119","0","11119","220","50.5"
"전북특별자치도교육청","전북특별자치도군산교육지원청","전북특별자치도 군산시","S130000591","군산지곡초등학교","02","공립","N","","21414","387","21801","354","61.6"
"전북특별자치도교육청","전북특별자치도군산교육지원청","전북특별자치도 군산시","S130000592","군산초등학교","02","공립","N","","16899","162","17061","837","20.4"
"전북특별자치도교육청","전북특별자치도군산교육지원청","전북특별자치도 군산시","S130000593","군산풍문초등학교","02","공립","N","","13039","1","13040","267","48.8"
"전북특별자치도교육청","전북특별자치도군산교육지원청","전북특별자치도 군산시","S130000594","해성초등학교","02","공립","N","","12502","0","12502","21","595.3"
"전북특별자치도교육청","전북특별자치도군산교육지원청","전북특별자치도 군산시","S130000595","군산흥남초등학교","02","공립","N","","10843","0","10843","177","61.3"
"전북특별자치도교육청","전북특별자치도군산교육지원청","전북특별자치도 군산시","S130000596","금암초등학교","02","공립","N","","5028","0","5028","14","359.1"
"전북특별자치도교육청","전북특별자치도군산교육지원청","전북특별자치도 군산시","S130000598","나포초등학교","02","공립","N","","8657","0","8657","27","320.6"
"전북특별자치도교육청","전북특별자치도군산교육지원청","전북특별자치도 군산시","S130000599","당북초등학교","02","공립","N","","12335","12335","24670","354","69.7"
"전북특별자치도교육청","전북특별자치도군산교육지원청","전북특별자치도 군산시","S130000600","대야남초등학교","02","공립","N","","7832","0","7832","17","460.7"
"전북특별자치도교육청","전북특별자치도군산교육지원청","전북특별자치도 군산시","S130000601","대야초등학교","02","공립","N","","17570","0","17570","91","193.1"
"전북특별자치도교육청","전북특별자치도군산교육지원청","전북특별자치도 군산시","S130000603","마룡초등학교","02","공립","N","","6585","0","6585","6","1097.5"
"전북특별자치도교육청","전북특별자치도군산교육지원청","전북특별자치도 군산시","S130000604","무녀도초등학교","02","공립","N","","2226","0","2226","5","445.2"
"전북특별자치도교육청","전북특별자치도군산교육지원청","전북특별자치도 군산시","S130000605","문창초등학교","02","공립","N","","10488","55","10543","57","185"
"전북특별자치도교육청","전북특별자치도군산교육지원청","전북특별자치도 군산시","S130000606","미룡초등학교","02","공립","N","","10537","18","10555","72","146.6"
"전북특별자치도교육청","전북특별자치도군산교육지원청","전북특별자치도 군산시","S130000607","발산초등학교","02","공립","N","","15380","4","15384","22","699.3"
"전북특별자치도교육청","전북특별자치도군산교육지원청","전북특별자치도 군산시","S130000610","서수초등학교","02","공립","N","","9736","6","9742","16","608.9"
"전북특별자치도교육청","전북특별자치도군산교육지원청","전북특별자치도 군산시","S130000613","성산초등학교","02","공립","N","","12971","47","13018","45","289.3"
"전북특별자치도교육청","전북특별자치도군산교육지원청","전북특별자치도 군산시","S130000615","술산초등학교","02","공립","N","","10798","0","10798","14","771.3"
"전북특별자치도교육청","전북특별자치도군산교육지원청","전북특별자치도 군산시","S130000616","신시도초등학교","02","공립","N","","6641","0","6641","3","2213.7"
"전북특별자치도교육청","전북특별자치도군산교육지원청","전북특별자치도 군산시","S130000618","군산신풍초등학교","02","공립","N","","16144","35","16179","221","73.2"
"전북특별자치도교육청","전북특별자치도군산교육지원청","전북특별자치도 군산시","S130000621","오봉초등학교","02","공립","N","","4479","0","4479","33","135.7"
"전북특별자치도교육청","전북특별자치도군산교육지원청","전북특별자치도 군산시","S130000622","옥구초등학교","02","공립","N","","9941","250","10191","96","106.2"
"전북특별자치도교육청","전북특별자치도군산교육지원청","전북특별자치도 군산시","S130000623","옥봉초등학교","02","공립","N","","19160","11","19171","48","399.4"
"전북특별자치도교육청","전북특별자치도군산교육지원청","전북특별자치도 군산시","S130000624","옥산초등학교","02","공립","N","","15881","535","16416","42","390.9"
"전북특별자치도교육청","전북특별자치도군산교육지원청","전북특별자치도 군산시","S130000626","임피초등학교","02","공립","N","","9653","39","9692","55","176.2"
"전북특별자치도교육청","전북특별자치도군산교육지원청","전북특별자치도 군산시","S130000627","창오초등학교","02","공립","N","","6326","0","6326","18","351.4"
"전북특별자치도교육청","전북특별자치도군산교육지원청","전북특별자치도 군산시","S130000629","회현초등학교","02","공립","N","","15781","0","15781","156","101.2"
"전북특별자치도교육청","전북특별자치도김제교육지원청","전북특별자치도 김제시","S130000700","공덕초등학교","02","공립","N","","10267","0","10267","22","466.7"
"전북특별자치도교육청","전북특별자치도김제교육지원청","전북특별자치도 김제시","S130000701","광활초등학교","02","공립","N","","6922","0","6922","19","364.3"
"전북특별자치도교육청","전북특별자치도김제교육지원청","전북특별자치도 김제시","S130000702","금구초등학교","02","공립","N","","9344","185","9529","83","114.8"
"전북특별자치도교육청","전북특별자치도김제교육지원청","전북특별자치도 김제시","S130000704","금산초등학교","02","공립","N","","6585","2","6587","10","658.7"
"전북특별자치도교육청","전북특별자치도김제교육지원청","전북특별자치도 김제시","S130000705","김제검산초등학교","02","공립","N","","26571","121","26692","705","37.9"
"전북특별자치도교육청","전북특별자치도김제교육지원청","전북특별자치도 김제시","S130000706","김제동초등학교","02","공립","N","","14993","140","15133","455","33.3"
"전북특별자치도교육청","전북특별자치도김제교육지원청","전북특별자치도 김제시","S130000707","김제북초등학교","02","공립","N","","7752","0","7752","61","127.1"
"전북특별자치도교육청","전북특별자치도김제교육지원청","전북특별자치도 김제시","S130000708","김제중앙초등학교","02","공립","N","","19864","368","20232","321","63"
"전북특별자치도교육청","전북특별자치도김제교육지원청","전북특별자치도 김제시","S130000710","김제초등학교","02","공립","N","","18727","33","18760","239","78.5"
"전북특별자치도교육청","전북특별자치도김제교육지원청","전북특별자치도 김제시","S130000711","난산초등학교","02","공립","N","","8586","0","8586","30","286.2"
"전북특별자치도교육청","전북특별자치도김제교육지원청","전북특별자치도 김제시","S130000712","남양초등학교","02","공립","N","","7357","76","7433","26","285.9"
"전북특별자치도교육청","전북특별자치도김제교육지원청","전북특별자치도 김제시","S130000713","만경초등학교","02","공립","N","","11987","164","12151","43","282.6"
"전북특별자치도교육청","전북특별자치도김제교육지원청","전북특별자치도 김제시","S130000715","백구초등학교","02","공립","N","","7424","74","7498","15","499.9"
"전북특별자치도교육청","전북특별자치도김제교육지원청","전북특별자치도 김제시","S130000716","백석초등학교","02","공립","N","","12141","431","12572","89","141.3"
"전북특별자치도교육청","전북특별자치도김제교육지원청","전북특별자치도 김제시","S130000717","벽량초등학교","02","공립","N","","7988","32","8020","25","320.8"
"전북특별자치도교육청","전북특별자치도김제교육지원청","전북특별자치도 김제시","S130000719","봉남초등학교","02","공립","N","","8262","0","8262","39","211.8"
"전북특별자치도교육청","전북특별자치도김제교육지원청","전북특별자치도 김제시","S130000720","부용초등학교","02","공립","N","","8620","39","8659","16","541.2"
"전북특별자치도교육청","전북특별자치도김제교육지원청","전북특별자치도 김제시","S130000721","비룡초등학교","02","공립","N","","7810","0","7810","15","520.7"
"전북특별자치도교육청","전북특별자치도김제교육지원청","전북특별자치도 김제시","S130000722","성덕초등학교","02","공립","N","","9152","471","9623","16","601.4"
"전북특별자치도교육청","전북특별자치도김제교육지원청","전북특별자치도 김제시","S130000726","심창초등학교","02","공립","N","","7299","0","7299","7","1042.7"
"전북특별자치도교육청","전북특별자치도김제교육지원청","전북특별자치도 김제시","S130000727","용동초등학교","02","공립","N","","8353","0","8353","25","334.1"
"전북특별자치도교육청","전북특별자치도김제교육지원청","전북특별자치도 김제시","S130000729","용지초등학교","02","공립","N","","9184","0","9184","34","270.1"
"전북특별자치도교육청","전북특별자치도김제교육지원청","전북특별자치도 김제시","S130000730","원평초등학교","02","공립","N","","11601","0","11601","71","163.4"
"전북특별자치도교육청","전북특별자치도김제교육지원청","전북특별자치도 김제시","S130000732","월성초등학교","02","공립","N","","6378","0","6378","19","335.7"
"전북특별자치도교육청","전북특별자치도김제교육지원청","전북특별자치도 김제시","S130000733","월촌초등학교","02","공립","N","","10032","575","10607","74","143.3"
"전북특별자치도교육청","전북특별자치도김제교육지원청","전북특별자치도 김제시","S130000734","종정초등학교","02","공립","N","","8124","0","8124","49","165.8"
"전북특별자치도교육청","전북특별자치도김제교육지원청","전북특별자치도 김제시","S130000736","죽산초등학교","02","공립","N","","10144","0","10144","30","338.1"
"전북특별자치도교육청","전북특별자치도김제교육지원청","전북특별자치도 김제시","S130000737","진봉초등학교","02","공립","N","","5532","332","5864","8","733"
"전북특별자치도교육청","전북특별자치도김제교육지원청","전북특별자치도 김제시","S130000738","청운초등학교","02","공립","N","","6346","0","6346","55","115.4"
"전북특별자치도교육청","전북특별자치도김제교육지원청","전북특별자치도 김제시","S130000740","청하초등학교","02","공립","N","","7740","125","7865","21","374.5"
"전북특별자치도교육청","전북특별자치도김제교육지원청","전북특별자치도 김제시","S130000741","초처초등학교","02","공립","N","","8916","76","8992","23","391"
"전북특별자치도교육청","전북특별자치도김제교육지원청","전북특별자치도 김제시","S130000742","치문초등학교","02","공립","N","","6309","2","6311","25","252.4"
"전북특별자치도교육청","전북특별자치도김제교육지원청","전북특별자치도 김제시","S130000743","황강초등학교","02","공립","N","","9586","0","9586","11","871.5"
"전북특별자치도교육청","전북특별자치도김제교육지원청","전북특별자치도 김제시","S130000744","황산초등학교","02","공립","N","","8972","50","9022","29","311.1"
"전북특별자치도교육청","전북특별자치도남원교육지원청","전북특별자치도 남원시","S130000805","남원교룡초등학교","02","공립","N","","14234","35","14269","176","81.1"
"전북특별자치도교육청","전북특별자치도남원교육지원청","전북특별자치도 남원시","S130000806","금지동초등학교","02","공립","N","","5892","0","5892","6","982"
"전북특별자치도교육청","전북특별자치도남원교육지원청","전북특별자치도 남원시","S130000807","금지초등학교","02","공립","N","","6644","0","6644","16","415.3"
"전북특별자치도교육청","전북특별자치도남원교육지원청","전북특별자치도 남원시","S130000809","남원노암초등학교","02","공립","N","","13597","0","13597","206","66"
"전북특별자치도교육청","전북특별자치도남원교육지원청","전북특별자치도 남원시","S130000810","남원도통초등학교","02","공립","N","","22812","566","23378","412","56.7"
"전북특별자치도교육청","전북특별자치도남원교육지원청","전북특별자치도 남원시","S130000813","산내초등학교","02","공립","N","","14375","509","14884","61","244"
"전북특별자치도교육청","전북특별자치도남원교육지원청","전북특별자치도 남원시","S130000814","남원서원초등학교","02","공립","N","","9720","0","9720","48","202.5"
"전북특별자치도교육청","전북특별자치도남원교육지원청","전북특별자치도 남원시","S130000817","남원왕치초등학교","02","공립","N","","8537","0","8537","52","164.2"
"전북특별자치도교육청","전북특별자치도남원교육지원청","전북특별자치도 남원시","S130000818","남원월락초등학교","02","공립","N","","12098","2119","14217","546","26"
"전북특별자치도교육청","전북특별자치도남원교육지원청","전북특별자치도 남원시","S130000819","남원중앙초등학교","02","공립","N","","15109","216","15325","233","65.8"
"전북특별자치도교육청","전북특별자치도남원교육지원청","전북특별자치도 남원시","S130000820","남원초등학교","02","공립","N","","17703","0","17703","417","42.5"
"전북특별자치도교육청","전북특별자치도남원교육지원청","전북특별자치도 남원시","S130000822","대강초등학교","02","공립","N","","8887","206","9093","19","478.6"
"전북특별자치도교육청","전북특별자치도남원교육지원청","전북특별자치도 남원시","S130000823","남원대산초등학교","02","공립","N","","3866","1","3867","38","101.8"
"전북특별자치도교육청","전북특별자치도남원교육지원청","전북특별자치도 남원시","S130000824","덕과초등학교","02","공립","N","","8876","108","8984","27","332.7"
"전북특별자치도교육청","전북특별자치도남원교육지원청","전북특별자치도 남원시","S130000827","보절초등학교","02","공립","N","","8653","18","8671","22","394.1"
"전북특별자치도교육청","전북특별자치도남원교육지원청","전북특별자치도 남원시","S130000829","사매초등학교","02","공립","N","","7589","70","7659","35","218.8"
"전북특별자치도교육청","전북특별자치도남원교육지원청","전북특별자치도 남원시","S130000830","산동초등학교","02","공립","N","","9635","2","9637","25","385.5"
"전북특별자치도교육청","전북특별자치도남원교육지원청","전북특별자치도 남원시","S130000831","송동초등학교","02","공립","N","","9046","136","9182","16","573.9"
"전북특별자치도교육청","전북특별자치도남원교육지원청","전북특별자치도 남원시","S130000832","수지초등학교","02","공립","N","","9118","0","9118","29","314.4"
"전북특별자치도교육청","전북특별자치도남원교육지원청","전북특별자치도 남원시","S130000833","아영초등학교","02","공립","N","","7573","6","7579","47","161.3"
"전북특별자치도교육청","전북특별자치도남원교육지원청","전북특별자치도 남원시","S130000834","오동초등학교","02","공립","N","","7449","200","7649","66","115.9"
"전북특별자치도교육청","전북특별자치도남원교육지원청","전북특별자치도 남원시","S130000835","남원용성초등학교","02","공립","N","","14005","568","14573","174","83.8"
"전북특별자치도교육청","전북특별자치도남원교육지원청","전북특별자치도 남원시","S130000837","운봉초등학교","02","공립","N","","12532","242","12774","100","127.7"
"전북특별자치도교육청","전북특별자치도남원교육지원청","전북특별자치도 남원시","S130000840","원천초등학교","02","공립","N","","10575","0","10575","37","285.8"
"전북특별자치도교육청","전북특별자치도남원교육지원청","전북특별자치도 남원시","S130000841","이백초등학교","02","공립","N","","8701","152","8853","24","368.9"
"전북특별자치도교육청","전북특별자치도남원교육지원청","전북특별자치도 남원시","S130000842","인월초등학교","02","공립","N","","12349","91","12440","69","180.3"
"전북특별자치도교육청","전북특별자치도남원교육지원청","전북특별자치도 남원시","S130000845","주생초등학교","02","공립","N","","5312","0","5312","43","123.5"
"전북특별자치도교육청","전북특별자치도무주교육지원청","전북특별자치도 무주군","S130000893","괴목초등학교","02","공립","N","","7508","17","7525","33","228"
"전북특별자치도교육청","전북특별자치도무주교육지원청","전북특별자치도 무주군","S130000894","구천초등학교","02","공립","N","","17274","2","17276","46","375.6"
"전북특별자치도교육청","전북특별자치도무주교육지원청","전북특별자치도 무주군","S130000897","무주중앙초등학교","02","공립","N","","26415","0","26415","308","85.8"
"전북특별자치도교육청","전북특별자치도무주교육지원청","전북특별자치도 무주군","S130000898","무주초등학교","02","공립","N","","18810","49","18859","158","119.4"
"전북특별자치도교육청","전북특별자치도무주교육지원청","전북특별자치도 무주군","S130000899","무풍초등학교","02","공립","N","","13423","2","13425","18","745.8"
"전북특별자치도교육청","전북특별자치도무주교육지원청","전북특별자치도 무주군","S130000900","부남초등학교","02","공립","N","","13448","21","13469","13","1036.1"
"전북특별자치도교육청","전북특별자치도무주교육지원청","전북특별자치도 무주군","S130000901","부당초등학교","02","공립","N","","3635","265","3900","2","1950"
"전북특별자치도교육청","전북특별자치도무주교육지원청","전북특별자치도 무주군","S130000903","설천초등학교","02","공립","N","","12117","0","12117","61","198.6"
"전북특별자치도교육청","전북특별자치도무주교육지원청","전북특별자치도 무주군","S130000904","안성초등학교","02","공립","N","","15089","52","15141","72","210.3"
"전북특별자치도교육청","전북특별자치도무주교육지원청","전북특별자치도 무주군","S130000905","적상초등학교","02","공립","N","","12843","69","12912","25","516.5"
"전북특별자치도교육청","전북특별자치도부안교육지원청","전북특별자치도 부안군","S130000934","격포초등학교","02","공립","N","","17926","8","17934","60","298.9"
"전북특별자치도교육청","전북특별자치도부안교육지원청","전북특별자치도 부안군","S130000937","곰소초등학교","02","공립","N","","12842","0","12842","32","401.3"
"전북특별자치도교육청","전북특별자치도부안교육지원청","전북특별자치도 부안군","S130000941","동북초등학교","02","공립","N","","7387","186","7573","14","540.9"
"전북특별자치도교육청","전북특별자치도부안교육지원청","전북특별자치도 부안군","S130000944","동진초등학교","02","공립","N","","12463","137","12600","25","504"
"전북특별자치도교육청","전북특별자치도부안교육지원청","전북특별자치도 부안군","S130000947","백룡초등학교","02","공립","N","","4096","0","4096","14","292.6"
"전북특별자치도교육청","전북특별자치도부안교육지원청","전북특별자치도 부안군","S130000948","백산초등학교","02","공립","N","","8520","12","8532","42","203.1"
"전북특별자치도교육청","전북특별자치도부안교육지원청","전북특별자치도 부안군","S130000949","변산초등학교","02","공립","N","","14476","0","14476","34","425.8"
"전북특별자치도교육청","전북특별자치도부안교육지원청","전북특별자치도 부안군","S130000952","부안남초등학교","02","공립","N","","7493","65","7558","47","160.8"
"전북특별자치도교육청","전북특별자치도부안교육지원청","전북특별자치도 부안군","S130000953","부안동초등학교","02","공립","N","","16772","0","16772","744","22.5"
"전북특별자치도교육청","전북특별자치도부안교육지원청","전북특별자치도 부안군","S130000954","부안초등학교","02","공립","N","","20651","116","20767","254","81.8"
"전북특별자치도교육청","전북특별자치도부안교육지원청","전북특별자치도 부안군","S130000955","상서초등학교","02","공립","N","","8465","112","8577","8","1072.1"
"전북특별자치도교육청","전북특별자치도부안교육지원청","전북특별자치도 부안군","S130000956","영전초등학교","02","공립","N","","11114","13","11127","14","794.8"
"전북특별자치도교육청","전북특별자치도부안교육지원청","전북특별자치도 부안군","S130000957","우덕초등학교","02","공립","N","","11948","28","11976","18","665.3"
"전북특별자치도교육청","전북특별자치도부안교육지원청","전북특별자치도 부안군","S130000959","위도초등학교","02","공립","N","","9417","35","9452","19","497.5"
"전북특별자치도교육청","전북특별자치도부안교육지원청","전북특별자치도 부안군","S130000964","주산초등학교","02","공립","N","","7673","0","7673","9","852.6"
"전북특별자치도교육청","전북특별자치도부안교육지원청","전북특별자치도 부안군","S130000966","줄포초등학교","02","공립","N","","11447","0","11447","39","293.5"
"전북특별자치도교육청","전북특별자치도부안교육지원청","전북특별자치도 부안군","S130000967","창북초등학교","02","공립","N","","11594","0","11594","44","263.5"
"전북특별자치도교육청","전북특별자치도부안교육지원청","전북특별자치도 부안군","S130000968","하서초등학교","02","공립","N","","4683","145","4828","31","155.7"
"전북특별자치도교육청","전북특별자치도부안교육지원청","전북특별자치도 부안군","S130000969","행안초등학교","02","공립","N","","8750","0","8750","92","95.1"
"전북특별자치도교육청","전북특별자치도순창교육지원청","전북특별자치도 순창군","S130001009","구림초등학교","02","공립","N","","10010","0","10010","18","556.1"
"전북특별자치도교육청","전북특별자치도순창교육지원청","전북특별자치도 순창군","S130001010","금과초등학교","02","공립","N","","8751","0","8751","9","972.3"
"전북특별자치도교육청","전북특별자치도순창교육지원청","전북특별자치도 순창군","S130001013","동계초등학교","02","공립","N","","11233","0","11233","26","432"
"전북특별자치도교육청","전북특별자치도순창교육지원청","전북특별자치도 순창군","S130001014","동산초등학교","02","공립","N","","13984","8","13992","37","378.2"
"전북특별자치도교육청","전북특별자치도순창교육지원청","전북특별자치도 순창군","S130001015","복흥초등학교","02","공립","N","","9951","46","9997","27","370.3"
"전북특별자치도교육청","전북특별자치도순창교육지원청","전북특별자치도 순창군","S130001017","순창중앙초등학교","02","공립","N","","16233","25","16258","206","78.9"
"전북특별자치도교육청","전북특별자치도순창교육지원청","전북특별자치도 순창군","S130001018","순창초등학교","02","공립","N","","9189","0","9189","292","31.5"
"전북특별자치도교육청","전북특별자치도순창교육지원청","전북특별자치도 순창군","S130001019","시산초등학교","02","공립","N","","10249","145","10394","16","649.6"
"전북특별자치도교육청","전북특별자치도순창교육지원청","전북특별자치도 순창군","S130001020","쌍치초등학교","02","공립","N","","15812","0","15812","19","832.2"
"전북특별자치도교육청","전북특별자치도순창교육지원청","전북특별자치도 순창군","S130001022","옥천초등학교","02","공립","N","","12858","0","12858","38","338.4"
"전북특별자치도교육청","전북특별자치도순창교육지원청","전북특별자치도 순창군","S130001024","유등초등학교","02","공립","N","","6794","0","6794","23","295.4"
"전북특별자치도교육청","전북특별자치도순창교육지원청","전북특별자치도 순창군","S130001025","인계초등학교","02","공립","N","","8689","169","8858","20","442.9"
"전북특별자치도교육청","전북특별자치도순창교육지원청","전북특별자치도 순창군","S130001026","적성초등학교","02","공립","N","","9605","0","9605","26","369.4"
"전북특별자치도교육청","전북특별자치도순창교육지원청","전북특별자치도 순창군","S130001027","팔덕초등학교","02","공립","N","","9794","258","10052","40","251.3"
"전북특별자치도교육청","전북특별자치도순창교육지원청","전북특별자치도 순창군","S130001028","풍산초등학교","02","공립","N","","9328","0","9328","17","548.7"
"전북특별자치도교육청","전북특별자치도완주교육지원청","전북특별자치도 완주군","S130001058","가천초등학교","02","공립","N","","5720","0","5720","22","260"
"전북특별자치도교육청","전북특별자치도완주교육지원청","전북특별자치도 완주군","S130001059","간중초등학교","02","공립","N","","8052","0","8052","37","217.6"
"전북특별자치도교육청","전북특별자치도완주교육지원청","전북특별자치도 완주군","S130001061","삼우초등학교","02","공립","N","","7676","4","7680","69","111.3"
"전북특별자치도교육청","전북특별자치도완주교육지원청","전북특별자치도 완주군","S130001062","고산초등학교","02","공립","N","","6339","20","6359","111","57.3"
"전북특별자치도교육청","전북특별자치도완주교육지원청","전북특별자치도 완주군","S130001064","구이초등학교","02","공립","N","","8982","0","8982","55","163.3"
"전북특별자치도교육청","전북특별자치도완주교육지원청","전북특별자치도 완주군","S130001065","남관초등학교","02","공립","N","","5079","0","5079","16","317.4"
"전북특별자치도교육청","전북특별자치도완주교육지원청","전북특별자치도 완주군","S130001066","대덕초등학교","02","공립","N","","10205","0","10205","45","226.8"
"전북특별자치도교육청","전북특별자치도완주교육지원청","전북특별자치도 완주군","S130001067","동상초등학교","02","공립","N","","7841","138","7979","22","362.7"
"전북특별자치도교육청","전북특별자치도완주교육지원청","전북특별자치도 완주군","S130001068","동양초등학교","02","공립","N","","5844","0","5844","25","233.8"
"전북특별자치도교육청","전북특별자치도완주교육지원청","전북특별자치도 완주군","S130001069","봉동초등학교","02","공립","N","","20849","0","20849","460","45.3"
"전북특별자치도교육청","전북특별자치도완주교육지원청","전북특별자치도 완주군","S130001070","봉동초등학교양화분교장","02","공립","N","","3190","0","3190","29","110"
"전북특별자치도교육청","전북특별자치도완주교육지원청","전북특별자치도 완주군","S130001071","봉서초등학교","02","공립","N","","24159","149","24308","737","33"
"전북특별자치도교육청","전북특별자치도완주교육지원청","전북특별자치도 완주군","S130001072","봉성초등학교","02","공립","N","","7123","0","7123","64","111.3"
"전북특별자치도교육청","전북특별자치도완주교육지원청","전북특별자치도 완주군","S130001073","비봉초등학교","02","공립","N","","10749","119","10868","65","167.2"
"전북특별자치도교육청","전북특별자치도완주교육지원청","전북특별자치도 완주군","S130001075","삼례동초등학교","02","공립","N","","8046","0","8046","639","12.6"
"전북특별자치도교육청","전북특별자치도완주교육지원청","전북특별자치도 완주군","S130001076","삼례중앙초등학교","02","공립","N","","11074","2","11076","170","65.2"
"전북특별자치도교육청","전북특별자치도완주교육지원청","전북특별자치도 완주군","S130001077","삼례초등학교","02","공립","N","","12811","0","12811","200","64.1"
"전북특별자치도교육청","전북특별자치도완주교육지원청","전북특별자치도 완주군","S130001078","상관초등학교","02","공립","N","","11869","4","11873","147","80.8"
"전북특별자치도교육청","전북특별자치도완주교육지원청","전북특별자치도 완주군","S130001079","소양서초등학교","02","공립","N","","7641","0","7641","59","129.5"
"전북특별자치도교육청","전북특별자치도완주교육지원청","전북특별자치도 완주군","S130001080","소양초등학교","02","공립","N","","6958","0","6958","49","142"
"전북특별자치도교육청","전북특별자치도완주교육지원청","전북특별자치도 완주군","S130001081","송광초등학교","02","공립","N","","9275","434","9709","28","346.8"
"전북특별자치도교육청","전북특별자치도완주교육지원청","전북특별자치도 완주군","S130001082","용봉초등학교","02","공립","N","","6674","0","6674","222","30.1"
"전북특별자치도교육청","전북특별자치도완주교육지원청","전북특별자치도 완주군","S130001083","용진초등학교","02","공립","N","","7896","20","7916","62","127.7"
"전북특별자치도교육청","전북특별자치도완주교육지원청","전북특별자치도 완주군","S130001084","운주초등학교","02","공립","N","","6874","0","6874","24","286.4"
"전북특별자치도교육청","전북특별자치도완주교육지원청","전북특별자치도 완주군","S130001086","이서초등학교","02","공립","N","","16698","0","16698","392","42.6"
"전북특별자치도교육청","전북특별자치도완주교육지원청","전북특별자치도 완주군","S130001087","이성초등학교","02","공립","N","","7197","0","7197","44","163.6"
"전북특별자치도교육청","전북특별자치도완주교육지원청","전북특별자치도 완주군","S130001088","청명초등학교","02","공립","N","","8138","292","8430","34","247.9"
"전북특별자치도교육청","전북특별자치도완주교육지원청","전북특별자치도 완주군","S130001089","청완초등학교","02","공립","N","","11810","90","11900","348","34.2"
"전북특별자치도교육청","전북특별자치도완주교육지원청","전북특별자치도 완주군","S130001090","태봉초등학교","02","공립","N","","6695","0","6695","49","136.6"
"전북특별자치도교육청","전북특별자치도완주교육지원청","전북특별자치도 완주군","S130001091","화산초등학교","02","공립","N","","10472","0","10472","71","147.5"
"전북특별자치도교육청","전북특별자치도익산교육지원청","전북특별자치도 익산시","S130001151","금마초등학교","02","공립","N","","13669","142","13811","149","92.7"
"전북특별자치도교육청","전북특별자치도익산교육지원청","전북특별자치도 익산시","S130001153","낭산초등학교","02","공립","N","","8475","0","8475","33","256.8"
"전북특별자치도교육청","전북특별자치도익산교육지원청","전북특별자치도 익산시","S130001154","다송초등학교","02","공립","N","","6330","76","6406","18","355.9"
"전북특별자치도교육청","전북특별자치도익산교육지원청","전북특별자치도 익산시","S130001155","망성초등학교","02","공립","N","","9074","382","9456","22","429.8"
"전북특별자치도교육청","전북특별자치도익산교육지원청","전북특별자치도 익산시","S130001156","미륵초등학교","02","공립","N","","6680","74","6754","20","337.7"
"전북특별자치도교육청","전북특별자치도익산교육지원청","전북특별자치도 익산시","S130001157","삼기초등학교","02","공립","N","","9834","2","9836","14","702.6"
"전북특별자치도교육청","전북특별자치도익산교육지원청","전북특별자치도 익산시","S130001158","석불초등학교","02","공립","N","","5711","0","5711","7","815.9"
"전북특별자치도교육청","전북특별자치도익산교육지원청","전북특별자치도 익산시","S130001160","성당초등학교","02","공립","N","","14291","166","14457","46","314.3"
"전북특별자치도교육청","전북특별자치도익산교육지원청","전북특별자치도 익산시","S130001162","성북초등학교","02","공립","N","","11408","164","11572","25","462.9"
"전북특별자치도교육청","전북특별자치도익산교육지원청","전북특별자치도 익산시","S130001166","여산초등학교","02","공립","N","","10209","510","10719","77","139.2"
"전북특별자치도교육청","전북특별자치도익산교육지원청","전북특별자치도 익산시","S130001167","영만초등학교","02","공립","N","","22949","246","23195","470","49.4"
"전북특별자치도교육청","전북특별자치도익산교육지원청","전북특별자치도 익산시","S130001168","오산남초등학교","02","공립","N","","8806","177","8983","91","98.7"
"전북특별자치도교육청","전북특별자치도익산교육지원청","전북특별자치도 익산시","S130001169","오산초등학교","02","공립","N","","15654","19","15673","62","252.8"
"전북특별자치도교육청","전북특별자치도익산교육지원청","전북특별자치도 익산시","S130001170","왕궁남초등학교","02","공립","N","","7966","100","8066","12","672.2"
"전북특별자치도교육청","전북특별자치도익산교육지원청","전북특별자치도 익산시","S130001171","왕궁초등학교","02","공립","N","","6279","230","6509","90","72.3"
"전북특별자치도교육청","전북특별자치도익산교육지원청","전북특별자치도 익산시","S130001172","왕북초등학교","02","공립","N","","8997","4","9001","32","281.3"
"전북특별자치도교육청","전북특별자치도익산교육지원청","전북특별자치도 익산시","S130001173","용남초등학교","02","공립","N","","4965","0","4965","17","292.1"
"전북특별자치도교육청","전북특별자치도익산교육지원청","전북특별자치도 익산시","S130001174","용북초등학교","02","공립","N","","9418","142","9560","8","1195"
"전북특별자치도교육청","전북특별자치도익산교육지원청","전북특별자치도 익산시","S130001175","용산초등학교","02","공립","N","","11033","128","11161","54","206.7"
"전북특별자치도교육청","전북특별자치도익산교육지원청","전북특별자치도 익산시","S130001176","용성초등학교","02","공립","N","","8188","285","8473","11","770.3"
"전북특별자치도교육청","전북특별자치도익산교육지원청","전북특별자치도 익산시","S130001177","용안초등학교","02","공립","N","","11565","0","11565","17","680.3"
"전북특별자치도교육청","전북특별자치도익산교육지원청","전북특별자치도 익산시","S130001179","웅포초등학교","02","공립","N","","9253","0","9253","18","514.1"
"전북특별자치도교육청","전북특별자치도익산교육지원청","전북특별자치도 익산시","S130001180","이리계문초등학교","02","공립","N","","9521","253","9774","56","174.5"
"전북특별자치도교육청","전북특별자치도익산교육지원청","전북특별자치도 익산시","S130001181","이리고현초등학교","02","공립","N","","15248","17","15265","270","56.5"
"전북특별자치도교육청","전북특별자치도익산교육지원청","전북특별자치도 익산시","S130001182","이리남창초등학교","02","공립","N","","11350","60","11410","55","207.5"
"전북특별자치도교육청","전북특별자치도익산교육지원청","전북특별자치도 익산시","S130001183","이리남초등학교","02","공립","N","","10318","0","10318","52","198.4"
"전북특별자치도교육청","전북특별자치도익산교육지원청","전북특별자치도 익산시","S130001184","이리동남초등학교","02","공립","N","","18546","0","18546","304","61"
"전북특별자치도교육청","전북특별자치도익산교육지원청","전북특별자치도 익산시","S130001185","이리동북초등학교","02","공립","N","","8991","346","9337","284","32.9"
"전북특별자치도교육청","전북특별자치도익산교육지원청","전북특별자치도 익산시","S130001186","이리동산초등학교","02","공립","N","","18222","637","18859","532","35.4"
"전북특별자치도교육청","전북특별자치도익산교육지원청","전북특별자치도 익산시","S130001187","이리동초등학교","02","공립","N","","25209","23","25232","363","69.5"
"전북특별자치도교육청","전북특별자치도익산교육지원청","전북특별자치도 익산시","S130001188","이리마한초등학교","02","공립","N","","9406","0","9406","346","27.2"
"전북특별자치도교육청","전북특별자치도익산교육지원청","전북특별자치도 익산시","S130001189","이리모현초등학교","02","공립","N","","23216","0","23216","826","28.1"
"전북특별자치도교육청","전북특별자치도익산교육지원청","전북특별자치도 익산시","S130001190","이리백제초등학교","02","공립","N","","24967","232","25199","528","47.7"
"전북특별자치도교육청","전북특별자치도익산교육지원청","전북특별자치도 익산시","S130001191","이리부송초등학교","02","공립","N","","23398","563","23961","324","74"
"전북특별자치도교육청","전북특별자치도익산교육지원청","전북특별자치도 익산시","S130001192","이리부천초등학교","02","공립","N","","21082","136","21218","463","45.8"
"전북특별자치도교육청","전북특별자치도익산교육지원청","전북특별자치도 익산시","S130001193","이리북일초등학교","02","공립","N","","13851","0","13851","92","150.6"
"전북특별자치도교육청","전북특별자치도익산교육지원청","전북특별자치도 익산시","S130001194","이리북초등학교","02","공립","N","","12978","0","12978","176","73.7"
"전북특별자치도교육청","전북특별자치도익산교육지원청","전북특별자치도 익산시","S130001195","이리삼성초등학교","02","공립","N","","11035","142","11177","54","207"
"전북특별자치도교육청","전북특별자치도익산교육지원청","전북특별자치도 익산시","S130001196","이리서초등학교","02","공립","N","","16082","572","16654","480","34.7"
"전북특별자치도교육청","전북특별자치도익산교육지원청","전북특별자치도 익산시","S130001197","이리석암초등학교","02","공립","N","","9976","210","10186","39","261.2"
"전북특별자치도교육청","전북특별자치도익산교육지원청","전북특별자치도 익산시","S130001198","이리송학초등학교","02","공립","N","","15997","59","16056","397","40.4"
"전북특별자치도교육청","전북특별자치도익산교육지원청","전북특별자치도 익산시","S130001199","이리신동초등학교","02","공립","N","","14397","8","14405","136","105.9"
"전북특별자치도교육청","전북특별자치도익산교육지원청","전북특별자치도 익산시","S130001200","이리신흥초등학교","02","공립","N","","11619","1","11620","55","211.3"
"전북특별자치도교육청","전북특별자치도익산교육지원청","전북특별자치도 익산시","S130001201","익산어양초등학교","02","공립","N","","25952","7","25959","621","41.8"
"전북특별자치도교육청","전북특별자치도익산교육지원청","전북특별자치도 익산시","S130001202","이리영등초등학교","02","공립","N","","25872","463","26335","648","40.6"
"전북특별자치도교육청","전북특별자치도익산교육지원청","전북특별자치도 익산시","S130001203","이리중앙초등학교","02","공립","N","","12264","253","12517","104","120.4"
"전북특별자치도교육청","전북특별자치도익산교육지원청","전북특별자치도 익산시","S130001204","이리초등학교","02","공립","N","","7512","180","7692","268","28.7"
"전북특별자치도교육청","전북특별자치도익산교육지원청","전북특별자치도 익산시","S130001205","이리팔봉초등학교","02","공립","N","","14911","162","15073","291","51.8"
"전북특별자치도교육청","전북특별자치도익산교육지원청","전북특별자치도 익산시","S130001206","익산초등학교","02","공립","N","","19369","112","19481","371","52.5"
"전북특별자치도교육청","전북특별자치도익산교육지원청","전북특별자치도 익산시","S130001207","천서초등학교","02","공립","N","","9209","178","9387","36","260.8"
"전북특별자치도교육청","전북특별자치도익산교육지원청","전북특별자치도 익산시","S130001208","춘포초등학교","02","공립","N","","10274","52","10326","69","149.7"
"전북특별자치도교육청","전북특별자치도익산교육지원청","전북특별자치도 익산시","S130001209","함라초등학교","02","공립","N","","8776","2","8778","18","487.7"
"전북특별자치도교육청","전북특별자치도익산교육지원청","전북특별자치도 익산시","S130001210","함열초등학교","02","공립","N","","19713","0","19713","208","94.8"
"전북특별자치도교육청","전북특별자치도익산교육지원청","전북특별자치도 익산시","S130001211","황등남초등학교","02","공립","N","","19389","253","19642","122","161"
"전북특별자치도교육청","전북특별자치도익산교육지원청","전북특별자치도 익산시","S130001212","황등초등학교","02","공립","N","","15323","206","15529","35","443.7"
"전북특별자치도교육청","전북특별자치도익산교육지원청","전북특별자치도 익산시","S130001213","흥왕초등학교","02","공립","N","","8466","0","8466","25","338.6"
"전북특별자치도교육청","전북특별자치도임실교육지원청","전북특별자치도 임실군","S130001308","갈담초등학교","02","공립","N","","8284","0","8284","16","517.8"
"전북특별자치도교육청","전북특별자치도임실교육지원청","전북특별자치도 임실군","S130001311","관촌초등학교","02","공립","N","","12805","0","12805","70","182.9"
"전북특별자치도교육청","전북특별자치도임실교육지원청","전북특별자치도 임실군","S130001313","대리초등학교","02","공립","N","","11548","0","11548","36","320.8"
"전북특별자치도교육청","전북특별자치도임실교육지원청","전북특별자치도 임실군","S130001314","덕치초등학교","02","공립","N","","10671","0","10671","7","1524.4"
"전북특별자치도교육청","전북특별자치도임실교육지원청","전북특별자치도 임실군","S130001316","삼계초등학교","02","공립","N","","5790","0","5790","8","723.8"
"전북특별자치도교육청","전북특별자치도임실교육지원청","전북특별자치도 임실군","S130001318","성수초등학교","02","공립","N","","8821","0","8821","27","326.7"
"전북특별자치도교육청","전북특별자치도임실교육지원청","전북특별자치도 임실군","S130001320","신평초등학교","02","공립","N","","12845","507","13352","16","834.5"
"전북특별자치도교육청","전북특별자치도임실교육지원청","전북특별자치도 임실군","S130001322","오수초등학교","02","공립","N","","11837","0","11837","62","190.9"
"전북특별자치도교육청","전북특별자치도임실교육지원청","전북특별자치도 임실군","S130001323","운암초등학교","02","공립","N","","2896","0","2896","4","724"
"전북특별자치도교육청","전북특별자치도임실교육지원청","전북특별자치도 임실군","S130001324","마암초등학교","02","공립","N","","8696","0","8696","46","189"
"전북특별자치도교육청","전북특별자치도임실교육지원청","전북특별자치도 임실군","S130001325","임실기림초등학교","02","공립","N","","10436","0","10436","38","274.6"
"전북특별자치도교육청","전북특별자치도임실교육지원청","전북특별자치도 임실군","S130001327","임실초등학교","02","공립","N","","10484","15","10499","333","31.5"
"전북특별자치도교육청","전북특별자치도임실교육지원청","전북특별자치도 임실군","S130001328","지사초등학교","02","공립","N","","5913","181","6094","20","304.7"
"전북특별자치도교육청","전북특별자치도임실교육지원청","전북특별자치도 임실군","S130001329","청웅초등학교","02","공립","N","","9131","101","9232","17","543.1"
"전북특별자치도교육청","전북특별자치도장수교육지원청","전북특별자치도 장수군","S130001352","계남초등학교","02","공립","N","","8900","57","8957","25","358.3"
"전북특별자치도교육청","전북특별자치도장수교육지원청","전북특별자치도 장수군","S130001353","계북초등학교","02","공립","N","","23755","0","23755","24","989.8"
"전북특별자치도교육청","전북특별자치도장수교육지원청","전북특별자치도 장수군","S130001358","번암초등학교","02","공립","N","","6530","0","6530","35","186.6"
"전북특별자치도교육청","전북특별자치도장수교육지원청","전북특별자치도 장수군","S130001359","번암초등학교동화분교장","02","공립","N","","4586","0","4586","9","509.6"
"전북특별자치도교육청","전북특별자치도장수교육지원청","전북특별자치도 장수군","S130001360","산서초등학교","02","공립","N","","17921","101","18022","33","546.1"
"전북특별자치도교육청","전북특별자치도장수교육지원청","전북특별자치도 장수군","S130001361","수남초등학교","02","공립","N","","9318","199","9517","27","352.5"
"전북특별자치도교육청","전북특별자치도장수교육지원청","전북특별자치도 장수군","S130001365","장계초등학교","02","공립","N","","13451","57","13508","163","82.9"
"전북특별자치도교육청","전북특별자치도장수교육지원청","전북특별자치도 장수군","S130001366","장수초등학교","02","공립","N","","10675","687","11362","295","38.5"
"전북특별자치도교육청","전북특별자치도장수교육지원청","전북특별자치도 장수군","S130001368","천천초등학교","02","공립","N","","10474","0","10474","22","476.1"
"전북특별자치도교육청","전북특별자치도전주교육지원청","전북특별자치도 전주시 덕진구","S130001423","전주금암초등학교","02","공립","N","","16681","392","17073","220","77.6"
"전북특별자치도교육청","전북특별자치도전주교육지원청","전북특별자치도 전주시 덕진구","S130001424","전주금평초등학교","02","공립","N","","15182","0","15182","220","69"
"전북특별자치도교육청","전북특별자치도전주교육지원청","전북특별자치도 전주시 덕진구","S130001425","전주기린초등학교","02","공립","N","","27257","12","27269","413","66"
"전북특별자치도교육청","전북특별자치도전주교육지원청","전북특별자치도 전주시 완산구","S130001426","전주남초등학교","02","공립","N","","13038","0","13038","276","47.2"
"전북특별자치도교육청","전북특별자치도전주교육지원청","전북특별자치도 전주시 완산구","S130001427","전주대성초등학교","02","공립","N","","7889","0","7889","39","202.3"
"전북특별자치도교육청","전북특별자치도전주교육지원청","전북특별자치도 전주시 덕진구","S130001428","전주덕일초등학교","02","공립","N","","13745","0","13745","209","65.8"
"전북특별자치도교육청","전북특별자치도전주교육지원청","전북특별자치도 전주시 덕진구","S130001429","전주덕진초등학교","02","공립","N","","9845","4","9849","95","103.7"
"전북특별자치도교육청","전북특별자치도전주교육지원청","전북특별자치도 전주시 덕진구","S130001431","전주동북초등학교","02","공립","N","","12252","29","12281","154","79.7"
"전북특별자치도교육청","전북특별자치도전주교육지원청","전북특별자치도 전주시 덕진구","S130001432","전주동신초등학교","02","공립","N","","19314","255","19569","522","37.5"
"전북특별자치도교육청","전북특별자치도전주교육지원청","전북특별자치도 전주시 완산구","S130001433","전주동초등학교","02","공립","N","","15754","0","15754","215","73.3"
"전북특별자치도교육청","전북특별자치도전주교육지원청","전북특별자치도 전주시 덕진구","S130001434","전주만성초등학교","02","공립","N","","24159","228","24387","1338","18.2"
"전북특별자치도교육청","전북특별자치도전주교육지원청","전북특별자치도 전주시 완산구","S130001435","전주문정초등학교","02","공립","N","","9292","10","9302","69","134.8"
"전북특별자치도교육청","전북특별자치도전주교육지원청","전북특별자치도 전주시 덕진구","S130001436","전주미산초등학교","02","공립","N","","6871","0","6871","45","152.7"
"전북특별자치도교육청","전북특별자치도전주교육지원청","전북특별자치도 전주시 덕진구","S130001437","전주반월초등학교","02","공립","N","","16712","0","16712","435","38.4"
"전북특별자치도교육청","전북특별자치도전주교육지원청","전북특별자치도 전주시 덕진구","S130001438","전주북일초등학교","02","공립","N","","21797","0","21797","510","42.7"
"전북특별자치도교육청","전북특별자치도전주교육지원청","전북특별자치도 전주시 덕진구","S130001439","전주북초등학교","02","공립","N","","25400","1238","26638","353","75.5"
"전북특별자치도교육청","전북특별자치도전주교육지원청","전북특별자치도 전주시 완산구","S130001440","전주삼천남초등학교","02","공립","N","","24934","350","25284","303","83.4"
"전북특별자치도교육청","전북특별자치도전주교육지원청","전북특별자치도 전주시 완산구","S130001441","전주삼천초등학교","02","공립","N","","14714","132","14846","346","42.9"
"전북특별자치도교육청","전북특별자치도전주교육지원청","전북특별자치도 전주시 완산구","S130001442","전주서곡초등학교","02","공립","N","","23843","259","24102","554","43.5"
"전북특별자치도교육청","전북특별자치도전주교육지원청","전북특별자치도 전주시 완산구","S130001443","전주서문초등학교","02","공립","N","","18764","0","18764","349","53.8"
"전북특별자치도교육청","전북특별자치도전주교육지원청","전북특별자치도 전주시 완산구","S130001444","전주서신초등학교","02","공립","N","","14927","12","14939","544","27.5"
"전북특별자치도교육청","전북특별자치도전주교육지원청","전북특별자치도 전주시 완산구","S130001445","전주서원초등학교","02","공립","N","","17675","0","17675","361","49"
"전북특별자치도교육청","전북특별자치도전주교육지원청","전북특별자치도 전주시 완산구","S130001446","전주서일초등학교","02","공립","N","","20801","43","20844","602","34.6"
"전북특별자치도교육청","전북특별자치도전주교육지원청","전북특별자치도 전주시 완산구","S130001447","전주서천초등학교","02","공립","N","","15769","244","16013","306","52.3"
"전북특별자치도교육청","전북특별자치도전주교육지원청","전북특별자치도 전주시 덕진구","S130001448","전주송북초등학교","02","공립","N","","22513","176","22689","519","43.7"
"전북특별자치도교육청","전북특별자치도전주교육지원청","전북특별자치도 전주시 덕진구","S130001449","전주송원초등학교","02","공립","N","","29456","369","29825","427","69.8"
"전북특별자치도교육청","전북특별자치도전주교육지원청","전북특별자치도 전주시 덕진구","S130001450","전주송천초등학교","02","공립","N","","15692","152","15844","594","26.7"
"전북특별자치도교육청","전북특별자치도전주교육지원청","전북특별자치도 전주시 덕진구","S130001451","전주신동초등학교","02","공립","N","","25834","349","26183","614","42.6"
"전북특별자치도교육청","전북특별자치도전주교육지원청","전북특별자치도 전주시 완산구","S130001452","전주신성초등학교","02","공립","N","","19831","236","20067","374","53.7"
"전북특별자치도교육청","전북특별자치도전주교육지원청","전북특별자치도 전주시 덕진구","S130001453","전주아중초등학교","02","공립","N","","17042","2","17044","177","96.3"
"전북특별자치도교육청","전북특별자치도전주교육지원청","전북특별자치도 전주시 완산구","S130001454","전주양지초등학교","02","공립","N","","21962","0","21962","272","80.7"
"전북특별자치도교육청","전북특별자치도전주교육지원청","전북특별자치도 전주시 완산구","S130001455","전주완산서초등학교","02","공립","N","","18036","130","18166","200","90.8"
"전북특별자치도교육청","전북특별자치도전주교육지원청","전북특별자치도 전주시 완산구","S130001456","전주완산초등학교","02","공립","N","","7512","0","7512","57","131.8"
"전북특별자치도교육청","전북특별자치도전주교육지원청","전북특별자치도 전주시 덕진구","S130001457","전주용덕초등학교","02","공립","N","","7798","0","7798","92","84.8"
"전북특별자치도교육청","전북특별자치도전주교육지원청","전북특별자치도 전주시 완산구","S130001458","전주용흥초등학교","02","공립","N","","17596","202","17798","640","27.8"
"전북특별자치도교육청","전북특별자치도전주교육지원청","전북특별자치도 전주시 완산구","S130001459","전주우전초등학교","02","공립","N","","21995","0","21995","758","29"
"전북특별자치도교육청","전북특별자치도전주교육지원청","전북특별자치도 전주시 덕진구","S130001460","전주원동초등학교","02","공립","N","","6779","241","7020","92","76.3"
"전북특별자치도교육청","전북특별자치도전주교육지원청","전북특별자치도 전주시 덕진구","S130001461","전주인봉초등학교","02","공립","N","","34874","103","34977","794","44.1"
"전북특별자치도교육청","전북특별자치도전주교육지원청","전북특별자치도 전주시 덕진구","S130001462","전주인후초등학교","02","공립","N","","25276","71","25347","798","31.8"
"전북특별자치도교육청","전북특별자치도전주교육지원청","전북특별자치도 전주시 덕진구","S130001463","전주장동초등학교","02","공립","N","","6601","0","6601","101","65.4"
"전북특별자치도교육청","전북특별자치도전주교육지원청","전북특별자치도 전주시 덕진구","S130001464","전주전라초등학교","02","공립","N","","10017","0","10017","533","18.8"
"전북특별자치도교육청","전북특별자치도전주교육지원청","전북특별자치도 전주시 덕진구","S130001465","전주전일초등학교","02","공립","N","","18363","41","18404","213","86.4"
"전북특별자치도교육청","전북특별자치도전주교육지원청","전북특별자치도 전주시 덕진구","S130001466","전주조촌초등학교","02","공립","N","","26118","35","26153","709","36.9"
"전북특별자치도교육청","전북특별자치도전주교육지원청","전북특별자치도 전주시 완산구","S130001467","전주중산초등학교","02","공립","N","","12009","67","12076","456","26.5"
"전북특별자치도교육청","전북특별자치도전주교육지원청","전북특별자치도 전주시 완산구","S130001468","전주중앙초등학교","02","공립","N","","15398","8","15406","77","200.1"
"전북특별자치도교육청","전북특별자치도전주교육지원청","전북특별자치도 전주시 완산구","S130001469","전주중인초등학교","02","공립","N","","9043","99","9142","93","98.3"
"전북특별자치도교육청","전북특별자치도전주교육지원청","전북특별자치도 전주시 완산구","S130001470","전주지곡초등학교","02","공립","N","","23660","303","23963","871","27.5"
"전북특별자치도교육청","전북특별자치도전주교육지원청","전북특별자치도 전주시 덕진구","S130001471","전주진북초등학교","02","공립","N","","11334","38","11372","206","55.2"
"전북특별자치도교육청","전북특별자치도전주교육지원청","전북특별자치도 전주시 완산구","S130001472","전주초등학교","02","공립","N","","11917","0","11917","270","44.1"
"전북특별자치도교육청","전북특별자치도전주교육지원청","전북특별자치도 전주시 덕진구","S130001473","전주초포초등학교","02","공립","N","","10533","47","10580","261","40.5"
"전북특별자치도교육청","전북특별자치도전주교육지원청","전북특별자치도 전주시 덕진구","S130001474","전주팔복초등학교","02","공립","N","","11617","0","11617","56","207.4"
"전북특별자치도교육청","전북특별자치도전주교육지원청","전북특별자치도 전주시 완산구","S130001475","전주평화초등학교","02","공립","N","","16926","629","17555","200","87.8"
"전북특별자치도교육청","전북특별자치도전주교육지원청","전북특별자치도 전주시 완산구","S130001476","전주풍남초등학교","02","공립","N","","12968","0","12968","143","90.7"
"전북특별자치도교육청","전북특별자치도전주교육지원청","전북특별자치도 전주시 완산구","S130001477","전주한들초등학교","02","공립","N","","20396","28","20424","812","25.2"
"전북특별자치도교육청","전북특별자치도전주교육지원청","전북특별자치도 전주시 완산구","S130001478","전주화산초등학교","02","공립","N","","21605","39","21644","783","27.6"
"전북특별자치도교육청","전북특별자치도전주교육지원청","전북특별자치도 전주시 완산구","S130001479","전주효림초등학교","02","공립","N","","16433","0","16433","331","49.6"
"전북특별자치도교육청","전북특별자치도전주교육지원청","전북특별자치도 전주시 완산구","S130001480","전주효문초등학교","02","공립","N","","18499","89","18588","221","84.1"
"전북특별자치도교육청","전북특별자치도전주교육지원청","전북특별자치도 전주시 완산구","S130001481","전주효자초등학교","02","공립","N","","16010","305","16315","115","141.9"
"전북특별자치도교육청","전북특별자치도정읍교육지원청","전북특별자치도 정읍시","S130001604","감곡초등학교","02","공립","N","","7686","54","7740","22","351.8"
"전북특별자치도교육청","전북특별자치도정읍교육지원청","전북특별자치도 정읍시","S130001605","고부초등학교","02","공립","N","","7892","0","7892","29","272.1"
"전북특별자치도교육청","전북특별자치도정읍교육지원청","전북특별자치도 정읍시","S130001607","교암초등학교","02","공립","N","","8793","0","8793","57","154.3"
"전북특별자치도교육청","전북특별자치도정읍교육지원청","전북특별자치도 정읍시","S130001608","내장초등학교","02","공립","N","","9182","33","9215","77","119.7"
"전북특별자치도교육청","전북특별자치도정읍교육지원청","전북특별자치도 정읍시","S130001609","능교초등학교","02","공립","N","","13087","146","13233","15","882.2"
"전북특별자치도교육청","전북특별자치도정읍교육지원청","전북특별자치도 정읍시","S130001611","대흥초등학교","02","공립","N","","15554","0","15554","55","282.8"
"전북특별자치도교육청","전북특별자치도정읍교육지원청","전북특별자치도 정읍시","S130001612","덕천초등학교","02","공립","N","","11989","135","12124","46","263.6"
"전북특별자치도교육청","전북특별자치도정읍교육지원청","전북특별자치도 정읍시","S130001613","도학초등학교","02","공립","N","","5779","0","5779","9","642.1"
"전북특별자치도교육청","전북특별자치도정읍교육지원청","전북특별자치도 정읍시","S130001614","동신초등학교","02","공립","N","","24199","181","24380","646","37.7"
"전북특별자치도교육청","전북특별자치도정읍교육지원청","전북특별자치도 정읍시","S130001616","백암초등학교","02","공립","N","","7816","0","7816","28","279.1"
"전북특별자치도교육청","전북특별자치도정읍교육지원청","전북특별자치도 정읍시","S130001618","보성초등학교","02","공립","N","","7606","30","7636","37","206.4"
"전북특별자치도교육청","전북특별자치도정읍교육지원청","전북특별자치도 정읍시","S130001619","북면초등학교","02","공립","N","","10713","151","10864","66","164.6"
"전북특별자치도교육청","전북특별자치도정읍교육지원청","전북특별자치도 정읍시","S130001620","산외초등학교","02","공립","N","","13827","46","13873","21","660.6"
"전북특별자치도교육청","전북특별자치도정읍교육지원청","전북특별자치도 정읍시","S130001622","서신초등학교","02","공립","N","","8510","105","8615","37","232.8"
"전북특별자치도교육청","전북특별자치도정읍교육지원청","전북특별자치도 정읍시","S130001623","소성초등학교","02","공립","N","","8164","0","8164","20","408.2"
"전북특별자치도교육청","전북특별자치도정읍교육지원청","전북특별자치도 정읍시","S130001624","수곡초등학교","02","공립","N","","7452","30","7482","43","174"
"전북특별자치도교육청","전북특별자치도정읍교육지원청","전북특별자치도 정읍시","S130001627","신태인초등학교","02","공립","N","","12964","96","13060","138","94.6"
"전북특별자치도교육청","전북특별자치도정읍교육지원청","전북특별자치도 정읍시","S130001629","영산초등학교","02","공립","N","","5820","0","5820","24","242.5"
"전북특별자치도교육청","전북특별자치도정읍교육지원청","전북특별자치도 정읍시","S130001630","영원초등학교","02","공립","N","","12285","54","12339","23","536.5"
"전북특별자치도교육청","전북특별자치도정읍교육지원청","전북특별자치도 정읍시","S130001632","옹동초등학교","02","공립","N","","10668","33","10701","20","535.1"
"전북특별자치도교육청","전북특별자치도정읍교육지원청","전북특별자치도 정읍시","S130001636","이평초등학교","02","공립","N","","14117","125","14242","37","384.9"
"전북특별자치도교육청","전북특별자치도정읍교육지원청","전북특별자치도 정읍시","S130001637","입암초등학교","02","공립","N","","7328","0","7328","24","305.3"
"전북특별자치도교육청","전북특별자치도정읍교육지원청","전북특별자치도 정읍시","S130001638","정남초등학교","02","공립","N","","6986","138","7124","17","419.1"
"전북특별자치도교육청","전북특별자치도정읍교육지원청","전북특별자치도 정읍시","S130001639","정우초등학교","02","공립","N","","8795","28","8823","55","160.4"
"전북특별자치도교육청","전북특별자치도정읍교육지원청","전북특별자치도 정읍시","S130001640","정읍남초등학교","02","공립","N","","18554","0","18554","233","79.6"
"전북특별자치도교육청","전북특별자치도정읍교육지원청","전북특별자치도 정읍시","S130001641","정읍동초등학교","02","공립","N","","18496","0","18496","150","123.3"
"전북특별자치도교육청","전북특별자치도정읍교육지원청","전북특별자치도 정읍시","S130001642","정읍북초등학교","02","공립","N","","18332","167","18499","357","51.8"
"전북특별자치도교육청","전북특별자치도정읍교육지원청","전북특별자치도 정읍시","S130001643","정읍서초등학교","02","공립","N","","23572","0","23572","365","64.6"
"전북특별자치도교육청","전북특별자치도정읍교육지원청","전북특별자치도 정읍시","S130001644","정읍수성초등학교","02","공립","N","","14448","315","14763","249","59.3"
"전북특별자치도교육청","전북특별자치도정읍교육지원청","전북특별자치도 정읍시","S130001645","정일초등학교","02","공립","N","","8359","0","8359","40","209"
"전북특별자치도교육청","전북특별자치도정읍교육지원청","전북특별자치도 정읍시","S130001646","칠보초등학교","02","공립","N","","19726","137","19863","26","764"
"전북특별자치도교육청","전북특별자치도정읍교육지원청","전북특별자치도 정읍시","S130001647","태인초등학교","02","공립","N","","10567","629","11196","51","219.5"
"전북특별자치도교육청","전북특별자치도진안교육지원청","전북특별자치도 진안군","S130001721","동향초등학교","02","공립","N","","14024","0","14024","16","876.5"
"전북특별자치도교육청","전북특별자치도진안교육지원청","전북특별자치도 진안군","S130001722","마령초등학교","02","공립","N","","11452","0","11452","43","266.3"
"전북특별자치도교육청","전북특별자치도진안교육지원청","전북특별자치도 진안군","S130001723","백운초등학교","02","공립","N","","10126","0","10126","25","405"
"전북특별자치도교육청","전북특별자치도진안교육지원청","전북특별자치도 진안군","S130001724","부귀초등학교","02","공립","N","","9972","0","9972","41","243.2"
"전북특별자치도교육청","전북특별자치도진안교육지원청","전북특별자치도 진안군","S130001727","송풍초등학교","02","공립","N","","7074","0","7074","8","884.3"
"전북특별자치도교육청","전북특별자치도진안교육지원청","전북특별자치도 진안군","S130001728","안천초등학교","02","공립","N","","4194","12","4206","16","262.9"
"전북특별자치도교육청","전북특별자치도진안교육지원청","전북특별자치도 진안군","S130001730","오천초등학교","02","공립","N","","6951","0","6951","21","331"
"전북특별자치도교육청","전북특별자치도진안교육지원청","전북특별자치도 진안군","S130001731","외궁초등학교","02","공립","N","","12874","6","12880","18","715.6"
"전북특별자치도교육청","전북특별자치도진안교육지원청","전북특별자치도 진안군","S130001733","장승초등학교","02","공립","N","","9767","144","9911","77","128.7"
"전북특별자치도교육청","전북특별자치도진안교육지원청","전북특별자치도 진안군","S130001734","조림초등학교","02","공립","N","","8626","193","8819","42","210"
"전북특별자치도교육청","전북특별자치도진안교육지원청","전북특별자치도 진안군","S130001737","주천초등학교","02","공립","N","","9938","31","9969","13","766.8"
"전북특별자치도교육청","전북특별자치도진안교육지원청","전북특별자치도 진안군","S130001741","진안중앙초등학교","02","공립","N","","13945","199","14144","153","92.4"
"전북특별자치도교육청","전북특별자치도진안교육지원청","전북특별자치도 진안군","S130001742","진안초등학교","02","공립","N","","16311","88","16399","194","84.5"
"전북특별자치도교육청","전북특별자치도익산교육지원청","전북특별자치도 익산시","S130002454","익산궁동초등학교","02","공립","N","","20000","411","20411","623","32.8"
"전북특별자치도교육청","전북특별자치도정읍교육지원청","전북특별자치도 정읍시","S130002462","정읍초등학교","02","공립","N","","15708","24","15732","210","74.9"
"전북특별자치도교육청","전북특별자치도전주교육지원청","전북특별자치도 전주시 완산구","S130002463","전주여울초등학교","02","공립","N","","18624","0","18624","511","36.4"
"전북특별자치도교육청","전북특별자치도전주교육지원청","전북특별자치도 전주시 덕진구","S130002468","전주용소초등학교","02","공립","N","","18669","13","18682","416","44.9"
"전북특별자치도교육청","전북특별자치도전주교육지원청","전북특별자치도 전주시 완산구","S130002478","전주대정초등학교","02","공립","N","","15734","621","16355","808","20.2"
"전북특별자치도교육청","전북특별자치도전주교육지원청","전북특별자치도 전주시 완산구","S130002479","전주용와초등학교","02","공립","N","","16908","0","16908","368","45.9"
"전북특별자치도교육청","전북특별자치도군산교육지원청","전북특별자치도 군산시","S130002498","군산미성초등학교","02","공립","N","","10243","0","10243","87","117.7"
"전북특별자치도교육청","전북특별자치도군산교육지원청","전북특별자치도 군산시","S130002499","군산진포초등학교","02","공립","N","","23633","0","23633","601","39.3"
"전북특별자치도교육청","전북특별자치도익산교육지원청","전북특별자치도 익산시","S130002502","익산옥야초등학교","02","공립","N","","21705","165","21870","173","126.4"
"전북특별자치도교육청","전북특별자치도전주교육지원청","전북특별자치도 전주시 덕진구","S130002506","전주만수초등학교","02","공립","N","","28792","0","28792","565","51"
"전북특별자치도교육청","전북특별자치도전주교육지원청","전북특별자치도 전주시 덕진구","S130002507","전주오송초등학교","02","공립","N","","26303","125","26428","973","27.2"
"전북특별자치도교육청","전북특별자치도익산교육지원청","전북특별자치도 익산시","S130002542","익산한벌초등학교","02","공립","N","","22591","363","22954","498","46.1"
"전북특별자치도교육청","전북특별자치도정읍교육지원청","전북특별자치도 정읍시","S130002543","한솔초등학교","02","공립","N","","29054","659","29713","765","38.8"
"전북특별자치도교육청","전북특별자치도전주교육지원청","전북특별자치도 전주시 완산구","S130002572","전주문학초등학교","02","공립","N","","21960","162","22122","629","35.2"
"전북특별자치도교육청","전북특별자치도전주교육지원청","전북특별자치도 전주시 완산구","S130002573","전주우림초등학교","02","공립","N","","21547","0","21547","352","61.2"
"전북특별자치도교육청","전북특별자치도군산교육지원청","전북특별자치도 군산시","S130002582","군산미장초등학교","02","공립","N","","19891","63","19954","922","21.6"
"전북특별자치도교육청","전북특별자치도군산교육지원청","전북특별자치도 군산시","S130002606","군산푸른솔초등학교","02","공립","N","","25517","92","25609","579","44.2"
"전북특별자치도교육청","전북특별자치도군산교육지원청","전북특별자치도 군산시","S130002673","군산아리울초등학교","02","공립","N","","24200","0","24200","628","38.5"
"전북특별자치도교육청","전북특별자치도군산교육지원청","전북특별자치도 군산시","S130002690","새만금초등학교","02","공립","N","","7759","1","7760","81","95.8"
"전북특별자치도교육청","전북특별자치도전주교육지원청","전북특별자치도 전주시 덕진구","S130002714","전주온빛초등학교","02","공립","N","","23692","127","23819","1483","16.1"
"전북특별자치도교육청","전북특별자치도전주교육지원청","전북특별자치도 전주시 완산구","S130002725","전주홍산초등학교","02","공립","N","","12006","129","12135","285","42.6"
"전북특별자치도교육청","전북특별자치도전주교육지원청","전북특별자치도 전주시 덕진구","S130002732","전주양현초등학교","02","공립","N","","17291","1","17292","1499","11.5"
"전북특별자치도교육청","전북특별자치도익산교육지원청","전북특별자치도 익산시","S130002735","익산가온초등학교","02","공립","N","","17143","439","17582","872","20.2"
"전북특별자치도교육청","전북특별자치도전주교육지원청","전북특별자치도 전주시 완산구","S130002737","전주새연초등학교","02","공립","N","","14867","1","14868","607","24.5"
"전북특별자치도교육청","전북특별자치도전주교육지원청","전북특별자치도 전주시 덕진구","S130002738","전주하가초등학교","02","공립","N","","15123","0","15123","871","17.4"
"전북특별자치도교육청","전북특별자치도전주교육지원청","전북특별자치도 전주시 완산구","S130002745","전주효천초등학교","02","공립","N","","14066","607","14673","1490","9.8"
"전북특별자치도교육청","전북특별자치도전주교육지원청","전북특별자치도 전주시 덕진구","S130002748","전주화정초등학교","02","공립","N","","24764","1","24765","1666","14.9"
"전북특별자치도교육청","전북특별자치도전주교육지원청","전북특별자치도 전주시 덕진구","S130002771","전주자연초등학교","02","공립","N","","20126","257","20383","1679","12.1"
"전북특별자치도교육청","전북특별자치도군산교육지원청","전북특별자치도 군산시","S130002788","군산금빛초등학교","02","공립","N","","8179","0","8179","1450","5.6"